CAS NO.,k,Chemical classes (27),Smiles
74-84-0,1800000000,alkane,CC
74-98-6,3600000000,alkane,CCC
75-28-5,4600000000,alkane,CC(C)C
106-97-8,4600000000,alkane,CCCC
109-66-0,5400000000,alkane,CCCCC
110-54-3,6600000000,alkane,CCCCCC
142-82-5,7700000000,alkane,CCCCCCC
111-65-9,9100000000,alkane,CCCCCCCC
78-78-4,5200000000,alkane,CCC(C)C
617-78-7,5900000000,alkane,CCC(CC)CC
540-84-1,6100000000,alkane,CC(C)CC(C)(C)C
67-56-1,970000000,alcohol,CO
64-17-5,2100000000,alcohol,CCO
71-23-8,3200000000,alcohol,CCCO
71-36-3,4200000000,alcohol,CCCCO
75-65-0,700000000,alcohol,CC(C)(C)O
111-27-3,7000000000,alcohol,CCCCCCO
111-70-6,7400000000,alcohol,CCCCCCCO
67-63-0,1900000000,alcohol,CC(C)O
78-83-1,3300000000,alcohol,CC(C)CO
75-85-4,1900000000,alcohol,CCC(C)(C)O
75-84-3,5200000000,alcohol,CC(C)(C)CO
123-51-3,3800000000,alcohol,CC(C)CCO
78-92-2,3500000000,alcohol,CCC(C)O
463-57-0,1300000000,diol,C(O)O
107-21-1,2400000000,diol,C(CO)O
4433-56-1,1200000000,diol,CC(O)O
57-55-6,1700000000,diol,CC(CO)O
504-63-2,2500000000,diol,C(CO)CO
107-88-0,2200000000,diol,CC(CCO)O
110-63-4,3200000000,diol,C(CCO)CO
513-85-9,1300000000,diol,CC(C(C)O)O
111-29-5,3600000000,diol,C(CCO)CCO
625-69-4,2300000000,diol,CC(CC(C)O)O
629-11-8,4700000000,diol,C(CCCO)CCO
56-81-5,2000000000,diol,C(C(CO)O)O
534-15-6,2200000000,ether,CC(OC)OC
115-10-6,1000000000,ether,COC
109-87-5,320000000,ether,COCOC
60-29-7,2900000000,ether,CCOCC
108-20-3,2490000000,ether,CC(C)OC(C)C
637-92-3,1800000000,ether,CCOC(C)(C)C
994-05-8,2370000000,ether,CCC(C)(C)OC
112-36-7,3200000000,ether,CCOCCOCCOCC
16484-86-9,2300000000,ether,CCO/C=C/OCC
110-71-4,1600000000,ether,COCCOC
462-95-3,1600000000,ether,CCOCOCC
22665-67-4,840000000,ether,CC(C)(CO)OC
109-86-4,1300000000,ether,COCCO
110-80-5,1700000000,ether,CCOCCO
111-46-6,2100000000,ether,C(COCCO)O
431-03-8,280000000,ketone,CC(=O)C(=O)C
78-93-3,810000000,ketone,CCC(=O)C
67-64-1,110000000,ketone,CC(=O)C
107-87-9,1900000000,ketone,CCCC(=O)C
96-22-0,1400000000,ketone,CCC(=O)CC
513-86-0,2900000000,ketone,CC(C(=O)C)O
108-10-1,2100000000,ketone,CC(C)CC(=O)C
110-13-4,760000000,ketone,CC(=O)CCC(=O)C
75-07-0,950000000,aldehyde,CC=O
123-38-6,2200000000,aldehyde,CCC=O
123-72-8,3900000000,aldehyde,CCCC=O
78-84-2,2900000000,aldehyde,CC(C)C=O
78-98-8,530000000,aldehyde,CC(=O)C=O
298-12-4,590000000,aldehyde,C(=O)C(=O)O
79-20-9,120000000,ester,CC(=O)OC
141-78-6,400000000,ester,CCOC(=O)C
109-60-4,1400000000,ester,CCCOC(=O)C
554-12-1,4500000000,ester,CCC(=O)OC
105-37-3,870000000,ester,CCC(=O)OCC
542-59-6,910000000,ester,CC(=O)OCCO
108-21-4,450000000,ester,CC(C)OC(=O)C
123-86-4,1800000000,ester,CCCCOC(=O)C
1979/9/4,320000000,carboxyl,CCC(=O)O
107-92-6,2200000000,carboxyl,CCCC(=O)O
503-74-2,1400000000,carboxyl,CC(C)CC(=O)O
75-98-9,650000000,carboxyl,CC(C)(C)C(=O)O
13836-62-9,773000000,carboxyl,CC(C)(C(=O)O)OC
79-14-1,540000000,carboxyl,C(C(=O)O)O
50-21-5,430000000,carboxyl,CC(C(=O)O)O
600-15-7,1300000000,carboxyl,CCC(C(=O)O)O
6556/12/3,1300000000,carboxyl,C(=O)[C@@H]([C@H]([C@@H]([C@@H](C(=O)O)O)O)O)O
64-19-7,23000000,carboxyl,CC(=O)O
141-82-2,24000000,dicarboxylic,C(C(=O)O)C(=O)O
110-15-6,110000000,dicarboxylic,C(CC(=O)O)C(=O)O
110-94-1,830000000,dicarboxylic,C(CC(=O)O)CC(=O)O
124-04-9,2000000000,dicarboxylic,C(CCC(=O)O)CC(=O)O
505-48-6,4800000000,dicarboxylic,C(CCCC(=O)O)CCC(=O)O
123-99-9,5400000000,dicarboxylic,C(CCCC(=O)O)CCCC(=O)O
111-20-6,6400000000,dicarboxylic,C(CCCCC(=O)O)CCCC(=O)O
147-71-7,700000000,dicarboxylic,[C@H]([C@@H](C(=O)O)O)(C(=O)O)O
77-92-9,50000000,dicarboxylic,C(C(=O)O)C(CC(=O)O)(C(=O)O)O
80-69-3,170000000,dicarboxylic,C(C(=O)O)(C(=O)O)O
6915-15-7,820000000,dicarboxylic,C(C(C(=O)O)O)C(=O)O
1979/11/8,43000000,halogeneted,C(C(=O)O)Cl
1975/9/2,58000000,halogeneted,C(Cl)Cl
74-95-3,99000000,halogeneted,C(Br)Br
75-27-4,71000000,halogeneted,C(Cl)(Cl)Br
124-48-1,83000000,halogeneted,C(Cl)(Br)Br
75-25-2,150000000,halogeneted,C(Br)(Br)Br
106-93-4,260000000,halogeneted,C(CBr)Br
75-34-3,130000000,halogeneted,CC(Cl)Cl
107-06-2,200000000,halogeneted,C(CCl)Cl
1976/1/7,10000000,halogeneted,C(C(Cl)(Cl)Cl)(Cl)Cl
79-27-6,220000000,halogeneted,C(C(Br)Br)(Br)Br
630-20-6,180000000,halogeneted,C(C(Cl)(Cl)Cl)Cl
79-00-5,110000000,halogeneted,C(C(Cl)Cl)Cl
71-55-6,100000000,halogeneted,CC(Cl)(Cl)Cl
540-54-5,2500000000,halogeneted,CCCCl
33037-07-9,730000000,halogeneted,C(C(CBr)Cl)Cl
109-64-8,4100000000,halogeneted,C(CBr)CBr
78-87-5,400000000,halogeneted,CC(CCl)Cl
109-69-3,3400000000,halogeneted,CCCCCl
540-51-2,350000000,halogeneted,C(CBr)O
107-07-3,950000000,halogeneted,C(CCl)O
115-20-8,420000000,halogeneted,C(C(Cl)(Cl)Cl)O
75-89-8,230000000,halogeneted,C(C(F)(F)F)O
302-17-0,3100000000,halogeneted,C(C(Cl)(Cl)Cl)(O)O
151-67-7,13000000,halogeneted,C(C(F)(F)F)(Cl)Br
67-66-3,14000000,halogeneted,C(Cl)(Cl)Cl
306-83-2,13000000,halogeneted,C(C(F)(F)F)(Cl)Cl
26675-46-7,24000000,halogeneted,C(C(F)(F)F)(OC(F)F)Cl
75-18-3,19000000000,"sulfide, disulfide",CSC
624-92-0,17000000000,"sulfide, disulfide",CSSC
352-93-2,14000000000,"sulfide, disulfide",CCSCC
110-81-6,14000000000,"sulfide, disulfide",CCSSCC
5271-38-5,7900000000,"sulfide, disulfide",CSCCO
3268-49-3,8200000000,"sulfide, disulfide",CSCCC=O
111-48-8,20000000000,"sulfide, disulfide",C(CSCCO)O
123-93-3,6000000000,"sulfide, disulfide",C(C(=O)O)SCC(=O)O
67-68-5,6500000000,sulfoxide,CS(=O)C
70-29-1,6500000000,sulfoxide,CCS(=O)CC
4253-91-2,6300000000,sulfoxide,CCCS(=O)CCC
2168-93-6,8000000000,sulfoxide,CCCCS(=O)CCCC
33577-16-1,4800000000,sulfoxide,CSCS(=O)C
3085-45-8,5300000000,sulfoxide,C(CS(=O)CCO)O
2211-89-4,6800000000,sulfoxide,CC(C)S(=O)C(C)C
60-24-2,6800000000,thiol,C(CS)O
1968/11/1,1200000000,thiol,C(C(=O)O)S
2365-48-2,18000000000,thiol,COC(=O)CS
3483/12/3,15000000000,thiol,C([C@H]([C@@H](CS)O)O)S
1975/5/8,22000000,nitrile,CC#N
460-19-5,10000000,nitrile,C(#N)C#N
107-12-0,93000000,nitrile,CCC#N
110-61-2,380000000,nitrile,C(CC#N)C#N
108-03-2,250000000,nitro,CCC[N+](=O)[O-]
79-46-9,80000000,nitro,CC(C)[N+](=O)[O-]
1794-84-9,194000000,nitro,C([N+](=O)[O-])Cl
7119-89-3,512000000,nitro,C([N+](=O)[O-])(Cl)Cl
563-70-2,83600000,nitro,C([N+](=O)[O-])Br
598-91-4,475000000,nitro,C([N+](=O)[O-])(Br)Br
135531-25-8,420000000,nitro,C([N+](=O)[O-])(Cl)Br
60-35-5,190000000,amide,CC(=O)N
598-42-5,1100000000,amide,C(C(=O)N)O
65144-02-7,1300000000,amide,CC(C(=O)N)O
563-83-7,1600000000,amide,CC(C)C(=O)N
79-05-0,700000000,amide,CCC(=O)N
754-10-9,1500000000,amide,CC(C)(C)C(=O)N
762-84-5,1100000000,amide,CC(=O)NC(C)(C)C
79-16-3,1600000000,amide,CC(=O)NC
871-71-6,1900000000,amide,CCCCNC=O
6830-83-7,2400000000,amide,CC(C)(C)C(=O)NC
1187-58-2,1400000000,amide,CCC(=O)NC
2675-88-9,1900000000,amide,CC(C)C(=O)NC
127-19-5,3500000000,amide,CC(=O)N(C)C
24331-71-3,3900000000,amide,CC(C)(C)C(=O)N(C)C
598-41-4,2800000000,amine,C(C(=O)N)N
74-89-5,5700000000,amine,CN
1975/4/7,6400000000,amine,CCN
109-73-9,8200000000,amine,CCCCN
107-10-8,7300000000,amine,CCCN
107-15-3,5500000000,amine,C(CN)N
75-64-9,6000000000,amine,CC(C)(C)N
110-58-7,7000000000,amine,CCCCCN
111-26-2,13000000000,amine,CCCCCCN
111-86-4,14600000000,amine,CCCCCCCCN
75-31-0,13000000000,amine,CC(C)N
67-62-9,14000000000,amine,CON
124-40-3,8900000000,amine,CNC
111-92-2,18000000000,amine,CCCCNCCCC
142-73-4,49000000,amine,C(C(=O)O)NCC(=O)O
3710-84-7,1300000000,amine,CCN(CC)O
102-82-9,17000000000,amine,CCCCN(CCCC)CCCC
121-44-8,10000000000,amine,CCN(CC)CC
75-50-3,13000000000,amine,CN(C)C
102-71-6,8000000000,amine,C(CO)N(CCO)CCO
139-13-9,2100000000,amine,C(C(=O)O)N(CC(=O)O)CC(=O)O
57-14-7,16000000000,amine,CN(C)N
77-86-1,1500000000,amine,C(C(CO)(CO)N)O
62-75-9,430000000,"nitroso, nitramine",CN(C)N=O
10595-95-6,495000000,"nitroso, nitramine",CCN(C)N=O
55-18-5,699000000,"nitroso, nitramine",CCN(CC)N=O
55750-53-3,867000000,"nitroso, nitramine",C1=CC(=O)N(C1=O)CCCCCC(=O)O
621-64-7,2300000000,"nitroso, nitramine",CCCN(CCC)N=O
924-16-3,4710000000,"nitroso, nitramine",CCCCN(CCCC)N=O
4549-44-4,3100000000,"nitroso, nitramine",CCCCN(CC)N=O
930-55-2,1750000000,"nitroso, nitramine",C1CCN(C1)N=O
100-75-4,2980000000,"nitroso, nitramine",C1CCN(CC1)N=O
932-83-2,4350000000,"nitroso, nitramine",C1CCCN(CC1)N=O
756-79-6,200000000,phosphorus,COP(=O)(C)OC
683-08-9,600000000,phosphorus,CCOP(=O)(C)OCC
512-56-1,120000000,phosphorus,COP(=O)(OC)OC
78-40-0,2900000000,phosphorus,CCOP(=O)(OCC)OCC
126-73-8,10000000000,phosphorus,CCCCOP(=O)(OCCCC)OCCCC
291-64-5,7700000000,cyclo,C1CCCCCC1
502-41-0,1700000000,cyclo,C1CCCC(CC1)O
110-82-7,6100000000,cyclo,C1CCCCC1
287-92-3,4500000000,cyclo,C1CCCC1
109-99-9,4000000000,cyclo,C1CCOC1
123-91-1,3100000000,cyclo,C1COCCO1
505-29-3,18000000000,cyclo,C1CSCCS1
110-88-3,1500000000,cyclo,C1OCOCO1
1600-44-8,7000000000,cyclo,C1CCS(=O)C1
497-26-7,3500000000,cyclo,CC1OCCO1
646-06-0,4000000000,cyclo,C1COCO1
75-21-8,68000000,cyclo,C1CO1
106-88-7,780000000,cyclo,CCC1CO1
75-56-9,250000000,cyclo,CC1CO1
556-52-5,470000000,cyclo,C1C(O1)CO
107-18-6,5900000000,alkene,C=CCO
106-98-9,7000000000,alkene,CCC=C
115-07-1,7000000000,alkene,CC=C
115-11-7,5400000000,alkene,CC(=C)C
628-41-1,7700000000,alkene,C1C=CCC=C1
78-94-4,8500000000,alkene,CC(=O)C=C
1979/6/1,5900000000,alkene,C=CC(=O)N
79-39-0,13000000000,alkene,CC(=C)C(=O)N
106-51-4,1200000000,alkene,C1=CC(=O)C=CC1=O
557-75-5,1500000000,alkene,C=CO
107-02-8,7000000000,alkene,C=CC=O
123-73-9,5800000000,alkene,C/C=C/C=O
1979/10/7,1500000000,alkene,C=CC(=O)O
110-16-7,6000000000,alkene,C(=C\C(=O)O)\C(=O)O
110-17-8,6000000000,alkene,C(=C/C(=O)O)\C(=O)O
818-61-1,11000000000,alkene,C=CC(=O)OCCO
80-62-6,11000000000,alkene,CC(=C)C(=O)OC
1975/1/4,12000000000,alkene,C=CCl
75-35-4,6800000000,alkene,C=C(Cl)Cl
156-59-2,3800000000,alkene,C(=C\Cl)\Cl
156-60-5,4400000000,alkene,C(=C/Cl)\Cl
127-18-4,2000000000,alkene,C(=C(Cl)Cl)(Cl)Cl
527-21-9,3900000000,alkene,C1(=C(C(=O)C(=C(C1=O)F)F)F)F
109-75-1,6900000000,alkene,C=CCC#N
107-13-1,5300000000,alkene,C=CC#N
126-98-7,12000000000,alkene,CC(=C)C#N
100-41-4,7500000000,benzene,CCC1=CC=CC=C1
108-95-2,6600000000,benzene,C1=CC=C(C=C1)O
462-06-6,5700000000,benzene,C1=CC=C(C=C1)F
108-90-7,4300000000,benzene,C1=CC=C(C=C1)Cl
108-86-1,5200000000,benzene,C1=CC=C(C=C1)Br
591-50-4,5300000000,benzene,C1=CC=C(C=C1)I
100-47-0,3900000000,benzene,C1=CC=C(C=C1)C#N
98-95-3,3900000000,benzene,C1=CC=C(C=C1)[N+](=O)[O-]
100-52-7,4400000000,benzene,C1=CC=C(C=C1)C=O
65-85-0,4300000000,benzene,C1=CC=C(C=C1)C(=O)O
98-86-2,6400000000,benzene,CC(=O)C1=CC=CC=C1
55-21-0,4600000000,benzene,C1=CC=C(C=C1)C(=O)N
1193-82-4,9700000000,benzene,CS(=O)C1=CC=CC=C1
100-51-6,8400000000,benzene,C1=CC=C(C=C1)CO
103-84-4,5200000000,benzene,CC(=O)NC1=CC=CC=C1
1998/11/3,2100000000,benzene,C1=CC=C(C=C1)S(=O)(=O)O
100-65-2,15000000000,benzene,C1=CC=C(C=C1)NO
103-05-9,5900000000,benzene,CC(C)(CCC1=CC=CC=C1)O
611-69-8,9500000000,benzene,CC(C)C(C1=CC=CC=C1)O
1960/12/8,11000000000,benzene,C1=CC=C(C=C1)CCO
93-54-9,10000000000,benzene,CCC(C1=CC=CC=C1)O
14898-87-4,21000000000,benzene,CC(CC1=CC=CC=C1)O
100-66-3,5400000000,benzene,COC1=CC=CC=C1
119-61-9,9000000000,benzene,C1=CC=C(C=C1)C(=O)C2=CC=CC=C2
122-39-4,10000000000,benzene,C1=CC=C(C=C1)NC2=CC=CC=C2
945-51-7,6300000000,benzene,C1=CC=C(C=C1)S(=O)C2=CC=CC=C2
95-48-7,11000000000,benzene,CC1=CC=CC=C1O
106-44-5,12000000000,benzene,CC1=CC=C(C=C1)O
95-50-1,4000000000,benzene,C1=CC=C(C(=C1)Cl)Cl
541-73-1,5700000000,benzene,C1=CC(=CC(=C1)Cl)Cl
106-46-7,5400000000,benzene,C1=CC(=CC=C1Cl)Cl
120-80-9,11000000000,benzene,C1=CC=C(C(=C1)O)O
108-46-3,12000000000,benzene,C1=CC(=CC(=C1)O)O
95-57-8,12000000000,benzene,C1=CC=C(C(=C1)O)Cl
108-43-0,7200000000,benzene,C1=CC(=CC(=C1)Cl)O
106-48-9,9300000000,benzene,C1=CC(=CC=C1O)Cl
1990/5/1,20000000000,benzene,COC1=CC=CC=C1O
150-19-6,32000000000,benzene,COC1=CC=CC(=C1)O
150-76-5,26000000000,benzene,COC1=CC=C(C=C1)O
100-02-7,3800000000,benzene,C1=CC(=CC=C1[N+](=O)[O-])O
104-85-8,12000000000,benzene,CC1=CC=C(C=C1)C#N
623-26-7,780000000,benzene,C1=CC(=CC=C1C#N)C#N
1194-02-1,3500000000,benzene,C1=CC(=CC=C1C#N)F
27178-34-3,19000000000,benzene,CC(C)(C)C1=CC=CC=C1O
367-11-3,7500000000,benzene,C1=CC=C(C(=C1)F)F
540-36-3,10000000000,benzene,C1=CC(=CC=C1F)F
91-16-7,5200000000,benzene,COC1=CC=CC=C1OC
151-10-0,7200000000,benzene,COC1=CC(=CC=C1)OC
150-78-7,7000000000,benzene,COC1=CC=C(C=C1)OC
100-01-6,14000000000,benzene,C1=CC(=CC=C1N)[N+](=O)[O-]
100-00-5,1300000000,benzene,C1=CC(=CC=C1[N+](=O)[O-])Cl
100-19-6,3300000000,benzene,CC(=O)C1=CC=C(C=C1)[N+](=O)[O-]
2138-22-9,7000000000,benzene,C1=CC(=C(C=C1Cl)O)O
108-73-6,10000000000,benzene,C1=C(C=C(C=C1O)O)O
139-85-5,8300000000,benzene,C1=CC(=C(C=C1C=O)O)O
89-84-9,30000000000,benzene,CC(=O)C1=C(C=C(C=C1)O)O
490-78-8,8000000000,benzene,CC(=O)C1=C(C=CC(=C1)O)O
1197-09-7,10000000000,benzene,CC(=O)C1=CC(=C(C=C1)O)O
5327-44-6,5200000000,benzene,COC1=CC(=CC(=C1)[N+](=O)[O-])[N+](=O)[O-]
634-36-6,7000000000,benzene,COC1=C(C(=CC=C1)OC)OC
135-77-3,6200000000,benzene,COC1=CC(=C(C=C1)OC)OC
621-23-8,8100000000,benzene,COC1=CC(=CC(=C1)OC)OC
5150-42-5,20000000000,benzene,COC1=CC=CC(=C1OC)O
13330-65-9,26000000000,benzene,COC1=CC(=C(C=C1)O)OC
500-99-2,20000000000,benzene,COC1=CC(=CC(=C1)O)OC
108-88-3,5100000000,benzene,CC1=CC=CC=C1
62-53-3,17000000000,benzene,C1=CC=C(C=C1)N
95-47-6,6700000000,benzene,CC1=CC=CC=C1C
108-38-3,7500000000,benzene,CC1=CC(=CC=C1)C
106-42-3,7000000000,benzene,CC1=CC=C(C=C1)C
526-73-8,7000000000,benzene,CC1=C(C(=CC=C1)C)C
95-63-6,6200000000,benzene,CC1=CC(=C(C=C1)C)C
108-67-8,6400000000,benzene,CC1=CC(=CC(=C1)C)C
392-56-3,1400000000,benzene,C1(=C(C(=C(C(=C1F)F)F)F)F)F
87-85-4,7200000000,benzene,CC1=C(C(=C(C(=C1C)C)C)C)C
363-72-4,7000000000,benzene,C1=C(C(=C(C(=C1F)F)F)F)F
700-12-9,7500000000,benzene,CC1=CC(=C(C(=C1C)C)C)C
488-23-3,7200000000,benzene,CC1=C(C(=C(C=C1)C)C)C
551-62-2,8000000000,benzene,C1=CC(=C(C(=C1F)F)F)F
527-53-7,7100000000,benzene,CC1=CC(=C(C(=C1)C)C)C
95-93-2,7000000000,benzene,CC1=CC(=C(C=C1C)C)C
2441-46-5,7000000000,benzene,COC1=CC(=C(C=C1OC)OC)OC
95-95-4,12000000000,benzene,C1=C(C(=CC(=C1Cl)Cl)Cl)O
94-75-7,6600000000,benzene,C1=CC(=C(C=C1Cl)Cl)OCC(=O)O
122-59-8,10000000000,benzene,C1=CC=C(C=C1)OCC(=O)O
120-83-2,7100000000,benzene,C1=CC(=C(C=C1Cl)Cl)O
533-73-3,8600000000,benzene,C1=CC(=C(C=C1O)O)O
1948-33-0,6300000000,benzene,CC(C)(C)C1=C(C=CC(=C1)O)O
824-69-1,21000000000,benzene,C1=C(C(=CC(=C1Cl)O)Cl)O
771-63-1,3100000000,benzene,C1(=C(C(=C(C(=C1F)F)O)F)F)O
372-38-3,4100000000,benzene,C1=C(C=C(C=C1F)F)F
1489-53-8,3700000000,benzene,C1=CC(=C(C(=C1)F)F)F
367-23-7,3900000000,benzene,C1=CC(=C(C=C1F)F)F
652-29-9,1500000000,benzene,CC(=O)C1=C(C(=C(C(=C1F)F)F)F)F
653-37-2,2000000000,benzene,C(=O)C1=C(C(=C(C(=C1F)F)F)F)F
602-94-8,1100000000,benzene,C1(=C(C(=C(C(=C1F)F)F)F)F)C(=O)O
771-60-8,9600000000,benzene,C1(=C(C(=C(C(=C1F)F)F)F)F)N
771-61-9,9500000000,benzene,C1(=C(C(=C(C(=C1F)F)F)F)F)O
109-06-8,2500000000,pyridine,CC1=CC=CC=N1
108-99-6,2400000000,pyridine,CC1=CN=CC=C1
504-29-0,8400000000,pyridine,C1=CC=NC(=C1)N
504-24-5,5000000000,pyridine,C1=CN=CC=C1N
109-04-6,2400000000,pyridine,C1=CC=NC(=C1)Br
626-55-1,1100000000,pyridine,C1=CC(=CN=C1)Br
109-09-1,1800000000,pyridine,C1=CC=NC(=C1)Cl
626-61-9,3100000000,pyridine,C1=CN=CC=C1Cl
100-54-9,750000000,pyridine,C1=CC(=CN=C1)C#N
142-08-5,6500000000,pyridine,C1=CC(=O)NC=C1
109-00-2,5400000000,pyridine,C1=CC(=CN=C1)O
626-64-2,11000000000,pyridine,C1=CNC=CC1=O
553-26-4,5300000000,pyridine,C1=CN=CC=C1C2=CC=NC=C2
366-18-7,6200000000,pyridine,C1=CC=NC(=C1)C2=CC=CC=N2
1453-82-3,1600000000,pyridine,C1=CN=CC=C1C(=O)N
98-92-0,1400000000,pyridine,C1=CC(=CN=C1)C(=O)N
108-48-5,3000000000,pyridine,CC1=NC(=CC=C1)C
591-22-0,8000000000,pyridine,CC1=CC(=CN=C1)C
108-75-8,2500000000,pyridine,CC1=CC(=NC(=C1)C)C
534-22-5,19000000000,furan,CC1=CC=CO1
98-00-0,15000000000,furan,C1=COC(=C1)CO
1998/1/1,7800000000,furan,C1=COC(=C1)C=O
620-02-0,7200000000,furan,CC1=CC=C(O1)C=O
1883-75-6,5800000000,furan,C1=C(OC(=C1)CO)CO
698-63-5,5500000000,furan,C1=C(OC(=C1)[N+](=O)[O-])C=O
2782-91-4,8000000000,urea,CN(C)C(=S)N(C)C
534-13-4,1200000000,urea,CNC(=S)NC
96-31-1,2600000000,urea,CNC(=O)NC
598-50-5,2000000000,urea,CNC(=O)N
632-22-4,5200000000,urea,CN(C)C(=O)N(C)C
69-89-6,5200000000,imidazole,C1=NC2=C(N1)C(=O)NC(=O)N2
58-55-9,6300000000,imidazole,CN1C2=C(C(=O)N(C1=O)C)NC=N2
3373-53-3,12000000000,imidazole,C1=NC2=NC(=O)NC(=C2N1)N
73-40-5,9200000000,imidazole,C1=NC2=C(N1)C(=O)NC(=N2)N
288-32-4,3900000000,imidazole,C1=CN=CN1
616-47-7,8100000000,imidazole,CN1C=CN=C1
83-67-0,5800000000,imidazole,CN1C=NC2=C1C(=O)NC(=O)N2C
1958/8/2,6900000000,imidazole,CN1C=NC2=C1C(=O)N(C(=O)N2C)C
645-12-5,5300000000,imidazole,C1=C(OC(=C1)[N+](=O)[O-])C(=O)O
6236/5/1,10000000000,imidazole,C1=C(OC(=C1)[N+](=O)[O-])/C=N\O
1192-62-7,4500000000,imidazole,CC(=O)C1=CC=CO1
609-38-1,5500000000,imidazole,C1=COC(=C1)C(=O)N
17113-33-6,16000000000,imidazole,C1=CC=C(C=C1)C2=CC=CO2
1899-24-7,3900000000,imidazole,C1=C(OC(=C1)Br)C=O
552-86-3,13000000000,imidazole,C1=COC(=C1)C(C(=O)C2=CC=CO2)O
877-89-4,206000000,triazine,COC1=NC(=NC(=N1)OC)OC
122-34-9,2100000000,triazine,CCNC1=NC(=NC(=N1)Cl)NCC
1912-24-9,2000000000,triazine,CCNC1=NC(=NC(=N1)Cl)NC(C)C
139-40-2,1200000000,triazine,CC(C)NC1=NC(=NC(=N1)Cl)NC(C)C
673-04-1,4700000000,triazine,CCNC1=NC(=NC(=N1)OC)NCC
5915-41-3,2800000000,triazine,CCNC1=NC(=NC(=N1)Cl)NC(C)(C)C
1014-70-6,26000000000,triazine,CCNC1=NC(=NC(=N1)SC)NCC
834-12-8,26000000000,triazine,CCNC1=NC(=NC(=N1)SC)NC(C)C
68-41-7,9000000000,triazine,C1[C@H](C(=O)NO1)N
330-55-2,6500000000,triazine,CN(C(=O)NC1=CC(=C(C=C1)Cl)Cl)OC
330-54-1,7500000000,triazine,CN(C)C(=O)NC1=CC(=C(C=C1)Cl)Cl
34123-59-6,5700000000,triazine,CC(C)C1=CC=C(C=C1)NC(=O)N(C)C
15545-48-9,7500000000,triazine,CC1=C(C=C(C=C1)NC(=O)N(C)C)Cl
103-90-2,9800000000,triazine,CC(=O)NC1=CC=C(C=C1)O
439-14-5,7200000000,triazine,CN1C(=O)CN=C(C2=C1C=CC(=C2)Cl)C3=CC=CC=C3
15307-86-5,7500000000,triazine,C1=CC=C(C(=C1)CC(=O)O)NC2=C(C=CC=C2Cl)Cl
15687-27-1,7400000000,triazine,CC(C)CC1=CC=C(C=C1)C(C)C(=O)O
98-54-4,19000000000,benzene,CC(C)(C)C1=CC=C(C=C1)O
576-26-1,26000000000,benzene,CC1=C(C(=CC=C1)C)O
526-75-0,20000000000,benzene,CC1=C(C(=CC=C1)O)C
108-68-9,20000000000,benzene,CC1=CC(=CC(=C1)O)C
74-82-8,120000000,alkane,C
96-37-7,7000000000,cyclo,CC1CCCC1
108-87-2,7100000000,cyclo,CC1CCCCC1
71-41-0,3900000000,alcohol,CCCCCO
584-02-1,2100000000,alcohol,CCC(CC)O
111-87-5,7700000000,alcohol,CCCCCCCCO
103-33-3,20000000000,benzene,C1=CC=C(C=C1)N=NC2=CC=CC=C2
71-43-2,7800000000,benzene,C1=CC=CC=C1
1998/10/2,2800000000,benzene,C1=CC=C(C=C1)S(=O)(=O)N
92-87-5,15000000000,benzene,C1=CC(=CC=C1C2=CC=C(C=C2)N)N
538-86-3,10000000000,benzene,COCC1=CC=CC=C1
92-52-4,10000000000,benzene,C1=CC=C(C=C1)C2=CC=CC=C2
694-80-4,2000000000,benzene,C1=CC=C(C(=C1)Cl)Br
95-46-5,1700000000,benzene,CC1=CC=CC=C1Br
591-17-3,4900000000,benzene,CC1=CC(=CC=C1)Br
106-38-7,2900000000,benzene,CC1=CC=C(C=C1)Br
2845-89-8,9300000000,benzene,COC1=CC(=CC=C1)Cl
611-19-8,4100000000,benzene,C1=CC=C(C(=C1)CCl)Cl
95-49-8,6500000000,benzene,CC1=CC=CC=C1Cl
108-41-8,3500000000,benzene,CC1=CC(=CC=C1)Cl
106-43-4,5500000000,benzene,CC1=CC=C(C=C1)Cl
583-53-9,2300000000,benzene,C1=CC=C(C(=C1)Br)Br
108-36-1,1900000000,benzene,C1=CC(=CC(=C1)Br)Br
95-75-0,1700000000,benzene,CC1=CC(=C(C=C1)Cl)Cl
1991/10/1,26000000000,benzene,COC1=C(C(=CC=C1)OC)O
108-47-4,3100000000,benzene,CC1=CC(=NC=C1)C
123-31-9,21000000000,benzene,C1=CC(=CC=C1O)O
7359-72-0,2500000000,benzene,CC1=C(C(=C(C=C1)Cl)Cl)Cl
91-20-3,9400000000,benzene,C1=CC=C2C=CC=CC2=C1
90-15-3,13000000000,benzene,C1=CC=C2C(=C1)C=CC=C2O
135-19-3,13000000000,benzene,C1=CC=C2C=C(C=CC2=C1)O
95-14-7,7600000000,benzene,C1=CC2=NNN=C2C=C1
61-73-4,12000000000,benzene,CN(C)C1=CC2=C(C=C1)N=C3C=CC(=[N+](C)C)C=C3S2.[Cl-]
