Supplementary Material         ,,,,,,,,,,,,,,,,,,,,
"Table S1: List of studied 457 organic water contaminants, experimental aqueous degradation rate constant (kHO?) values along with the BPSO-MLR and FFNN model predictions and the corresponding molecular parameters",,,,,,,,,,,,,,,,,,,,
No.,Contaminants name,Chemical classes (27),Formula,Ref No.,CAS No.,kOH experimental,Log kOH,(SPH)6,R1u,(ATS2v)0.5,(BEHe1)0.5,ESpm05x,(nR=Cp)0.5,(nArOH)0.5,(nS)0.5,Hat,BPSO-MLR (Eq. 6),FFNN model,Status Eq.(6),Status FFNN
1,ethane,alkane,CH3-CH3,1,74-84-0?,1.80E+09,9.255,0.0028,1.026,0,1.8125,0.693,0,0,0,0.078,9.633,9.33,Test set,Test set
2,propane,alkane,CH3-CH2-CH3,1,74-98-6?,3.60E+09,9.556,0.0232,1.332,0.8325,1.8542,3.497,0,0,0,0.024,9.694,9.577,Training set,Validation set
3,(Isobutane ) 2-methylpropane,alkane,CH3-CH(CH3)-CH3,1,75-28-5?,4.60E+09,9.663,0.0286,1.548,1.1773,1.8841,5.497,0,0,0,0.007,9.428,9.528,Training set,Training set
4,butane,alkane,CH3-(CH2)2-CH3,1,106-97-8?,4.60E+09,9.663,0.0812,1.373,1.0483,1.8772,4.431,0,0,0,0.016,9.671,9.636,Training set,Training set
5,pentane,alkane,CH3-(CH2)3-CH3,1,109-66-0?,5.40E+09,9.732,0.1616,1.408,1.1773,1.8916,4.905,0,0,0,0.013,9.75,9.781,Training set,Validation set
6,hexane,alkane,CH3-(CH2)4-CH3,1,110-54-3?,6.60E+09,9.82,0.2563,1.435,1.2685,1.9011,5.226,0,0,0,0.012,9.844,9.872,Training set,Training set
7,heptane,alkane,CH3-(CH2)5-CH3,1,142-82-5?,7.70E+09,9.886,0.3463,1.462,1.3387,1.9079,5.468,0,0,0,0.012,9.935,9.892,Training set,Training set
8,octane,alkane,CH3-(CH2)6-CH3,1,111-65-9?,9.10E+09,9.959,0.4277,1.473,1.395,1.9131,5.663,0,0,0,0.013,10.005,10.059,Training set,Training set
9,2-methylbutane,alkane,CH3-CH2-CH(CH3)-CH3,1,78-78-4?,5.20E+09,9.716,0.0631,1.598,1.2685,1.8992,5.784,0,0,0,0.007,9.539,9.63,Training set,Validation set
10,3-ethylpentane,alkane,CH3-CH2-CH(CH2-CH3)-CH2-CH3,1,617-78-7?,5.90E+09,9.771,0.1207,1.688,1.395,1.9194,6.188,0,0,0,0.009,9.714,9.777,Training set,Training set
11,"2,2,4-trimethylpentane",alkane,CH3-C(CH3)2-CH2-CH(CH3)-CH3,1,540-84-1?,6.10E+09,9.785,0.0116,1.853,1.5485,1.9324,7.271,0,0,0,0.012,9.467,9.66,Test set,Test set
12,methanol,alcohol,CH3-OH,1,67-56-1?,9.70E+08,8.987,0.0082,0.877,0,1.7678,0.693,0,0,0,0.082,9.276,9.073,Training set,Training set
13,ethanol,alcohol,CH3-CH2-OH,1,64-17-5?,2.10E+09,9.322,0.0339,1.19,0.6427,1.8322,3.497,0,0,0,0.023,9.232,9.621,Training set,Training set
14,1-propanol,alcohol,CH3-(CH2)2-OH,1,71-23-8?,3.20E+09,9.505,0.079,1.33,0.9597,1.8647,4.431,0,0,0,0.012,9.459,9.55,Training set,Training set
15,1-butanol,alcohol,CH3-(CH2)3-OH,1,71-36-3?,4.20E+09,9.623,0.1538,1.375,1.1207,1.8836,4.905,0,0,0,0.01,9.605,9.698,Training set,Training set
16,tert-butanol (2-Methyl-2-propanol),alcohol,(CH3)3-C-OH,1,75-65-0?,7.00E+08,8.845,0.0011,1.676,1.3081,1.8966,6.932,0,0,0,0.011,9.001,8.894,Training set,Training set
17,1-hexanol,alcohol,CH3-(CH2)5-OH,1,111-27-3?,7.00E+09,9.845,0.3246,1.433,1.3065,1.9042,5.468,0,0,0,0.01,9.834,9.835,Training set,Training set
18,1-heptanol,alcohol,CH3-(CH2)6-OH,1,111-70-6?,7.40E+09,9.869,0.4074,1.454,1.3689,1.9102,5.663,0,0,0,0.011,9.925,9.963,Training set,Validation set
19,2-propanol,alcohol,CH3-CH(OH)-CH3,1,67-63-0?,1.90E+09,9.279,0.0343,1.476,1.0517,1.869,5.497,0,0,0,0.008,9.138,9.245,Training set,Training set
20,2-methyl-1-propanol,alcohol,CH3-CH(CH3)-CH2-OH,1,78-83-1?,3.30E+09,9.519,0.0643,1.569,1.2276,1.8913,5.784,0,0,0,0.006,9.425,9.535,Training set,Training set
21,2-methyl-2-butanol,alcohol,CH3-CH2-C(CH3)(OH)-CH3,1,75-85-4?,1.90E+09,9.279,0.0092,1.715,1.37,1.9095,7.044,0,0,0,0.01,9.125,9.128,Training set,Training set
22,"2,2-dimethyl-1-propanol",alcohol,CH3-C(CH3)2-CH2-OH,1,75-84-3?,5.20E+09,9.716,0,1.731,1.4199,1.9136,7.044,0,0,0,0.01,9.213,9.282,Training set,Validation set
23,3-methyl-1-butanol,alcohol,CH3-CH2-CH(CH3)-CH2-OH,1,123-51-3?,3.80E+09,9.58,0.1127,1.614,1.3065,1.9032,5.93,0,0,0,0.007,9.585,9.682,Training set,Training set
24,2-butanol,alcohol,CH3-CH(OH)-CH2-CH3,1,78-92-2?,3.50E+09,9.544,0.0873,1.499,1.1798,1.8881,5.784,0,0,0,0.005,9.304,9.427,Training set,Training set
25,tert-amyl alcohol,alcohol,CH3-C(CH3)(OH)-CH2-CH3,1,75-85-4?,1.90E+09,9.279,0,1.731,1.4199,1.9136,7.044,0,0,0,0.01,9.213,9.282,Training set,Validation set
26,dihydroxymethane(Methanediol),diol,HO-CH2-OH,1,463-57-0?,1.30E+09,9.114,0.0849,0.979,0.4827,1.7989,3.497,0,0,0,0.031,8.717,9.294,Training set,Training set
27,"ethyleneglycol(1,2-Ethanediol)",diol,HO-CH2-CH2-OH,1,107-21-1?,2.40E+09,9.38,0.1079,1.234,0.8396,1.8474,4.431,0,0,0,0.012,9.162,9.162,Training set,Training set
28,"1,1-ethanediol",diol,CH3-CH(OH)2,1,4433-56-1,1.20E+09,9.079,0.0462,1.465,0.9094,1.8501,5.497,0,0,0,0.017,8.872,9.269,Training set,Training set
29,"1,2-propanediol(propylene glycol)",diol,CH3-CH(OH)-CH2-OH,1,57-55-6?,1.70E+09,9.23,0.072,1.532,1.1238,1.8778,5.784,0,0,0,0.007,9.203,9.293,Training set,Validation set
30,"1,3-propanediol",diol,HO-(CH2)3-OH,1,504-63-2?,2.50E+09,9.398,0.0036,1.305,1.0517,1.8732,4.905,0,0,0,0.011,9.282,9.267,Training set,Validation set
31,"1,3-butanediol",diol,CH3-CH(OH)-CH2-CH2-OH,1,107-88-0?,2.20E+09,9.342,0.1405,1.53,1.2296,1.8931,5.93,0,0,0,0.005,9.386,9.516,Training set,Training set
32,"1,4-butanediol",diol,HO-(CH2)4-OH,1,110-63-4?,3.20E+09,9.505,0.234,1.377,1.1798,1.8892,5.226,0,0,0,0.008,9.605,9.697,Test set,Test set
33,"2,3-butanediol(2,3-Butylene glycol)",diol,CH3-CH(OH)-CH(OH)-CH3,1,513-85-9?,1.30E+09,9.114,0.0413,1.635,1.2724,1.8974,6.407,0,0,0,0.007,9.228,9.266,Training set,Training set
34,"1,5-pentanediol",diol,HO-(CH2)5-OH,1,111-29-5?,3.60E+09,9.556,0.313,1.399,1.2704,1.8995,5.468,0,0,0,0.008,9.725,9.743,Training set,Training set
35,"2,4-pentanediol",diol,CH3-CH(OH)-CH2-CH(OH)-CH3,1,625-69-4,2.30E+09,9.362,0.171,1.594,1.3416,1.9063,6.425,0,0,0,0.005,9.415,9.545,Training set,Training set
36,"1,6-hexanediol",diol,HO-(CH2)6-OH,1,629-11-8,4.70E+09,9.672,0.3907,1.429,1.3401,1.9068,5.663,0,0,0,0.009,9.836,9.896,Test set,Test set
37,glycerol,diol,HO-CH2-CH(OH)-CH2-OH,1,56-81-5?,2.00E+09,9.301,0.1551,1.484,1.1824,1.8855,6.006,0,0,0,0.005,9.22,9.33,Training set,Training set
38,"1,1-dimethoxyethane",ether,CH3CH(OCH3)2,1,534-15-6,2.20E+09,9.342,0.137,1.632,1.2062,1.877,6.006,0,0,0,0.01,9.33,9.423,Training set,Training set
39,dimethylether,ether,CH3-O-CH3,1,115-10-6,1.00E+09,9,0.0471,1.24,0.8325,1.8158,3.497,0,0,0,0.022,9.436,9.106,Training set,Training set
40,Dimethoxymethane,ether,CH3-O-CH2-O-CH3,1,109-87-5,3.20E+08,8.505,0.252,1.22,1.187,1.849,4.905,0,0,0,0.013,9.449,8.775,Training set,Training set
41,diethylether ,ether,CH3-CH2-O-CH2-CH3,1,60-29-7,2.90E+09,9.462,0.2052,1.438,1.0517,1.8684,4.905,0,0,0,0.01,9.547,9.705,Test set,Test set
42,diisopropyl ether,ether,(CH3)2HC-o-CH(CH3)2,1,108-20-3,2.49E+09,9.396,0.1405,1.696,1.3416,1.9018,6.425,0,0,0,0.007,9.463,9.535,Training set,Training set
43,tert-butyl-ethyl-ether,ether,(CH3)3-C-O-CH2-CH3,1,637-92-3,1.80E+09,9.255,0.0088,1.835,1.3975,1.91,7.088,0,0,0,0.012,9.249,9.259,Training set,Validation set
44,tert-amyl methyl ether,ether,C2H5C(CH3)2OCH3,1,994-05-8,2.37E+09,9.375,0.006,1.816,1.4213,1.9157,7.144,0,0,0,0.011,9.257,9.316,Training set,Training set
45,diethylene glycol diethyl ether (2-ETHOXYETHYL ETHER),ether,CH3CH2-O-CH2CH2-CH2CH2-O-CH2CH3,1,112-36-7,3.20E+09,9.505,0.6512,1.495,1.3986,1.8958,6.089,0,0,0,0.02,9.905,10.151,Training set,Validation set
46,"ethylene glycol diethyl ether (1,2-Diethoxyethene)",ether,CH3CH2-O-CH2CH2-O-CH2CH3,1,16484-86-9,2.30E+09,9.362,0.4772,1.472,1.2724,1.8871,5.663,0,0,0,0.012,9.767,9.359,Training set,Training set
47,"ethylene glycol dimethyl ether (1,2-dimethoxy-ethan)",ether,CH3-O-CH2-CH2-O-CH3,1,110-71-4,1.60E+09,9.204,0.313,1.339,1.1798,1.8714,5.226,0,0,0,0.009,9.545,9.087,Test set,Test set
48,diethoxymethane,ether,CH2(OC2H5)2,1,462-95-3,1.60E+09,9.204,0.4131,1.464,1.2062,1.8756,5.468,0,0,0,0.013,9.671,8.875,Training set,Validation set
49,dimethoxymethane,ether,CH2(OCH3)2,1,109-87-5,1.20E+09,9.079,0.2525,1.22,1.0872,1.8491,4.905,0,0,0,0.01,9.328,9.001,Training set,Training set
50,2-Methoxy-2-methyl-1-propanol,ether,CH3-C(CH3)(OCH3)CH2-OH,1,22665-67-4,8.40E+08,8.924,0.0028,1.799,1.3975,1.91,7.144,0,0,0,0.012,9.182,9.185,Training set,Training set
51,2-methoxyethanol,ether,CH3-O-CH2_CH2-OH,1,109-86-4,1.30E+09,9.114,0.202,1.311,1.0517,1.8617,4.905,0,0,0,0.008,9.392,9.141,Training set,Training set
52,2-ethoxyethanol,ether,C2H5-O-CH2-CH2-OH,1,110-80-5,1.70E+09,9.23,0.2888,1.424,1.1238,1.8746,5.226,0,0,0,0.009,9.553,9.25,Training set,Training set
53,diethylene glycol,ether,HO-CH2-CH2-O-CH2-CH2-OH,1,111-46-6,2.10E+09,9.322,0.3692,1.413,1.1824,1.8796,5.468,0,0,0,0.009,9.579,8.877,Training set,Training set
54,"2,3-butanedione",ketone,CH3-CO-CO-CH3,1,431-03-8,2.80E+08,8.447,0.313,1.26,1.2724,1.8937,6.974,0,0,0,0.007,8.787,8.481,Training set,Training set
55,2-butanone,ketone,CH3-CH2-CO-CH3,1,78-93-3,8.10E+08,8.908,0.1655,1.319,1.1798,1.886,6.312,0,0,0,0.005,8.916,8.952,Training set,Training set
56,acetone,ketone,CH3-CO-CH3,1,67-64-1,1.10E+08,8.041,0.1033,1.232,1.0517,1.8657,6.142,0,0,0,0.01,8.616,8.465,Training set,Training set
57,2-pentanone,ketone,CH3-CH2-CH2-CO-CH3,1,107-87-9,1.90E+09,9.279,0.2394,1.347,1.2704,1.8979,6.4,0,0,0,0.003,9.125,9.248,Training set,Training set
58,3-pentanone,ketone,CH3-CH2-CO-CH2-CH3,1,96-22-0,1.40E+09,9.146,0.2412,1.41,1.2704,1.8992,6.457,0,0,0,0.004,9.162,9.277,Training set,Validation set
59,3-hydroxy-2-butanone,ketone,CH3-CO-CH(OH)-CH3,1,513-86-0,2.90E+09,9.462,0.1513,1.473,1.2724,1.8958,6.73,0,0,0,0.006,8.991,9.006,Test set,Test set
60,methyl-iso-butyl ketone,ketone,(CH3)2-CH-CH2-CO-CH3,1,108-10-1,2.10E+09,9.322,0.0656,1.655,1.3961,1.9123,6.737,0,0,0,0.007,9.32,9.441,Training set,Training set
61,acetonyl acetone,ketone,CH3-CO-CH2CH2-CO-CH3,1,110-13-4,7.60E+08,8.881,0.4018,1.327,1.3975,1.91,7.021,0,0,0,0.004,9.13,9.041,Training set,Training set
62,acetaldehyde,aldehyde,CH3-CHO,1,75-07-0,9.50E+08,8.978,0.0754,0.902,0.6427,1.8273,4.82,0,0,0,0.027,8.286,8.7,Training set,Training set
63,propionaldehyde,aldehyde,CH3-CH2-CHO,1,123-38-6,2.20E+09,9.342,0.0827,1.213,0.9597,1.8623,5.193,0,0,0,0.009,8.945,8.965,Training set,Training set
64,butyraldehyde,aldehyde,CH3-CH2-CH2-CHO,1,123-72-8,3.90E+09,9.591,0.1382,1.285,1.1207,1.8823,5.442,0,0,0,0.006,9.223,9.378,Training set,Training set
65,isobutyl aldehyde,aldehyde,(CH3)2-CH-CHO,1,78-84-2,2.90E+09,9.462,0.0426,1.477,1.2276,1.8897,6.054,0,0,0,0.006,9.173,9.287,Training set,Training set
66,2-methoxy-2-methylpropanal,aldehyde,CH3-C(CH3)(OCH3)-CHO,1,MMP,3.99E+09,9.601,0.0033,1.731,1.3975,1.9089,7.225,0,0,0,0.011,9.071,9.053,Training set,Training set
67,hydroxy-iso-butylaldehyde,aldehyde,HO-C(CH3)2-CHO,1,-,3.00E+09,9.477,0.0016,1.623,1.3416,1.9016,7.132,0,0,0,0.011,8.913,8.811,Training set,Training set
68,methyl glyoxal,aldehyde,CH3-CO-CHO,1,78-98-8,5.30E+08,8.724,0.3085,1.117,1.1238,1.8732,6.48,0,0,0,0.01,8.625,8.666,Training set,Training set
69, glyoxalic acid,aldehyde,CHOCOOH,1,298-12-4,5.90E+08,8.771,1,0.919,1.0144,1.8561,6.48,0,0,0,0.051,8.787,8.826,Training set,Training set
70,pyruvic aldehyde,aldehyde,CH3-COCHO,1,78-98-8,6.49E+08,8.812,0.313,1.106,1.1238,1.8732,6.48,0,0,0,0.01,8.619,8.661,Training set,Training set
71,methyl acetate,ester,CH3-COO-CH3,1,79-20-9,1.20E+08,8.079,0.2449,1.252,1.0909,1.8623,6.312,0,0,0,0.012,8.692,8.154,Training set,Training set
72,ethyl acetate,ester,CH3-COO-CH2-CH3,1,141-78-6,4.00E+08,8.602,0.3062,1.373,1.155,1.8759,6.4,0,0,0,0.01,8.955,8.849,Training set,Training set
73,propyl acetate,ester,CH3-COO-CH2-CH2-CH3,1,109-60-4,1.40E+09,9.146,0.3666,1.375,1.2522,1.8876,6.482,0,0,0,0.006,9.139,8.828,Training set,Training set
74,methyl propionate,ester,CH3-CH2-COO-CH3,1,554-12-1,4.50E+09,9.653,0.2004,1.411,1.2062,1.8826,6.457,0,0,0,0.007,8.969,8.938,Training set,Validation set
75,ethyl propionate,ester,CH3-CH2-COO-CH2-CH3,1,105-37-3,8.70E+08,8.94,0.3719,1.427,1.2522,1.8902,6.534,0,0,0,0.007,9.178,9.037,Training set,Training set
76,2-hydroxyethyl acetate,ester,CH3-COO-CH2CH2OH,1,542-59-6,9.10E+08,8.959,0.3107,1.375,1.2087,1.881,6.482,0,0,0,0.008,9.008,9.043,Training set,Training set
77,isopropyl acetate,ester,CH3COOCH(CH3)2,1,108-21-4,4.50E+08,8.653,0.1808,1.638,1.2919,1.8937,6.737,0,0,0,0.01,9.179,9.191,Training set,Training set
78,n butyl acetate,ester,CH3-COO-(CH2)3-CH3,1,123-86-4,1.80E+09,9.255,0.4306,1.405,1.3255,1.8971,6.557,0,0,0,0.006,9.316,9.015,Training set,Training set
79,propionic acid,carboxyl,CH3-CH2-COOH,1,1979/9/4,3.20E+08,8.505,0.1629,1.339,1.0909,1.8735,6.312,0,0,0,0.01,8.762,8.623,Test set,Test set
80,butyric acid,carboxyl,CH3-(CH2)2-COOH,1,107-92-6,2.20E+09,9.342,0.234,1.318,1.2062,1.8894,6.4,0,0,0,0.005,8.974,8.927,Training set,Training set
81,3-methylbutyric acid,carboxyl,(CH3)2CHCH2COOH,1,503-74-2,1.40E+09,9.146,0.0913,1.601,1.3557,1.9068,6.737,0,0,0,0.006,9.214,9.316,Test set,Test set
82,tri-methyl-acetic acid,carboxyl,(CH3)3-C-COOH,1,75-98-9,6.50E+08,8.813,0,1.701,1.4543,1.9183,7.446,0,0,0,0.012,9.041,9.03,Training set,Training set
83,2-methoxy-2-methylpropanoic acid,carboxyl,CH3-C(CH3)(OCH3)-COOH,1,13836-62-9,7.73E+08,8.888,0.0089,1.745,1.4342,1.9149,7.514,0,0,0,0.013,9.013,8.931,Training set,Training set
84,glycolic acid,carboxyl,HOCH2COOH,1,79-14-1,5.40E+08,8.732,0.3269,1.198,1.0144,1.8588,6.312,0,0,0,0.018,8.599,8.635,Training set,Validation set
85,lactic acid,carboxyl,CH3-CH(OH)-COOH,1,50-21-5,4.30E+08,8.633,0.159,1.465,1.2087,1.8855,6.73,0,0,0,0.01,8.862,8.735,Training set,Training set
86,2-hydroxybutyric acid,carboxyl,CH3CH2CH2(OH)COOH,1,600-15-7,1.30E+09,9.114,0.2052,1.464,1.2919,1.8992,6.822,0,0,0,0.006,9.02,9.043,Training set,Training set
87,glucuronic acid,carboxyl,HO-CH2-(CHOH)4-OOOH,1,6556-12-3?,1.30E+09,9.114,0.0568,1.799,1.5453,1.9305,7.652,0,0,0,0.012,9.243,9.384,Training set,Training set
88,acetic acid,carboxyl,CH3COOH,4,64-19-7?,2.30E+07,7.362,0.2084,1.077,0.9094,1.8461,6.142,0,0,0,0.022,8.287,7.807,Test set,Test set
89,malonic acid,dicarboxylic,HOOC-CH2-COOH,5,141-82-2?,2.40E+07,7.38,0.4366,1.311,1.2329,1.8873,6.974,0,0,0,0.012,8.857,7.886,Training set,Training set
90,succinic acid,dicarboxylic,HOOC-(CH2)2-COOH,1,110-15-6?,1.10E+08,8.041,0.4247,1.306,1.3107,1.8984,7.021,0,0,0,0.007,8.967,8.024,Training set,Training set
91,glutaric acid,dicarboxylic,HOOC-(CH2)3-COOH,1,110-94-1?,8.30E+08,8.919,0.4218,1.341,1.3722,1.906,7.066,0,0,0,0.005,9.086,8.403,Training set,Validation set
92,adipic acid,dicarboxylic,HOOC-(CH2)4-COOH,1,124-04-9?,2.00E+09,9.301,0.4837,1.336,1.4227,1.9115,7.108,0,0,0,0.005,9.199,8.927,Training set,Training set
93,suberic acid,dicarboxylic,HOOC-(CH2)6-COOH,1,505-48-6,4.80E+09,9.681,0.5604,1.462,1.503,1.9189,7.188,0,0,0,0.007,9.471,9.428,Training set,Training set
94,azelaic acid,dicarboxylic,HOOC-(CH2)7-COOH,1,123-99-9,5.40E+09,9.732,0.6064,1.485,1.5356,1.9215,7.226,0,0,0,0.009,9.562,9.703,Test set,Test set
95,sabacic acid,dicarboxylic,HOOC-(CH2)8-COOH,1,111-20-6,6.40E+09,9.806,0.647,1.491,1.5649,1.9238,7.263,0,0,0,0.011,9.629,9.739,Test set,Test set
96,tartaric acid,dicarboxylic,HOOC-CH(OH)-CH(OH),1,147-71-7,7.00E+08,8.845,0.3538,1.542,1.4251,1.9144,7.491,0,0,0,0.009,9.104,8.616,Training set,Training set
97,citric acid,dicarboxylic,HOOC-CH2-C(COOH)(OH)-CH2-COOH,1,77-92-9,5.00E+07,7.699,0.0467,1.745,1.5598,1.9347,8.003,0,0,0,0.015,9.04,8.019,Training set,Training set
98,Tartronic acid,dicarboxylic,HOOC-CH(OH)-COOH,1,80-69-3,1.70E+08,8.23,0.1538,1.585,1.3122,1.8976,7.265,0,0,0,0.013,8.878,8.596,Training set,Validation set
99,malic acid,dicarboxylic,HOOC-CH2-CH(OH)-COOH,1,6915-15-7?,8.20E+08,8.914,0.3222,1.51,1.3733,1.9068,7.27,0,0,0,0.008,9.062,8.904,Training set,Training set
100,chloroacetic acid,halogeneted,Cl-CH2-COOH,1,79-11-8?,4.30E+07,7.633,0.2525,0.967,1.0909,1.8501,6.312,0,0,0,0.013,8.372,8.334,Training set,Training set
101,dichloromethane,halogeneted,Cl2-CH2,1,75-09-2?,5.80E+07,7.763,0.0071,0.239,0.8325,1.7496,3.497,0,0,0,0.047,8.139,7.675,Training set,Training set
102,dibromomethane,halogeneted,Br2-CH2,1,74-95-3?,9.90E+07,7.996,0.0154,0.269,1.0344,1.7416,3.497,0,0,0,0.067,8.378,8.033,Training set,Training set
103,bromodichloromethane,halogeneted,Br-Cl2-CH,1,75-27-4?,7.10E+07,7.851,0.0043,0.217,1.2498,1.7573,5.497,0,0,0,0.067,7.621,7.712,Training set,Training set
104,chloro dibromo methane,halogeneted,CH-Br2-Cl,1,124-48-1,8.30E+07,7.919,0.0055,0.226,1.318,1.7536,5.497,0,0,0,0.076,7.694,7.862,Training set,Validation set
105,tribromo methane,halogeneted,CH-Br3,1,75-25-2,1.50E+08,8.176,0.0065,0.233,1.3813,1.7499,5.497,0,0,0,0.087,7.76,8.011,Training set,Training set
106,"1,2-dibromo ethane",halogeneted,BrCH2-CH2Br,1,106-93-4,2.60E+08,8.415,0.0268,0.864,1.1515,1.8207,4.431,0,0,0,0.026,8.994,8.43,Test set,Test set
107,"1,1-dichloro ethane",halogeneted,CH3-CH-Cl2,1,75-34-3,1.30E+08,8.114,0.0056,0.85,1.1773,1.8248,5.497,0,0,0,0.018,8.462,8.166,Training set,Training set
108,"1,2-dichloro ethane",halogeneted,CH2Cl-CH2-Cl,1,107-06-2,2.00E+08,8.301,0.0193,0.88,1.0483,1.8243,4.431,0,0,0,0.019,8.896,8.462,Test set,Test set
109,penta chloro ethane,halogeneted,Cl2CH-C-Cl3,1,1976/1/7,1.00E+07,7,0.0006,0.624,1.5176,1.8407,7.298,0,0,0,0.048,7.802,7.367,Test set,Test set
110,"1,1,2,2-tetra bromo ethane",halogeneted,Br2CH-CHBr2,1,79-27-6,2.20E+08,8.342,0.0184,0.69,1.5291,1.8284,6.407,0,0,0,0.047,8.294,8.355,Training set,Training set
111,"1,1,1-2-tetrachloro ethane",halogeneted,Cl3C-CH2Cl,1,630-20-6,1.80E+08,8.255,0.0125,0.725,1.395,1.8355,6.407,0,0,0,0.032,8.195,8.069,Test set,Test set
112,"1,1-2-trichloro ethane",halogeneted,ClCH2-CHCl2,1,79-00-5,1.10E+08,8.041,0.0096,0.791,1.2685,1.83,5.784,0,0,0,0.023,8.398,8.377,Training set,Training set
113,"1,1,1-trichloro ethane",halogeneted,CCl3-CH3,1,71-55-6,1.00E+08,8,0.0001,0.738,1.395,1.8308,6.932,0,0,0,0.035,7.902,7.506,Training set,Training set
114,1-chloropropane,halogeneted,CH3CH2CH2-Cl,1,540-54-5,2.50E+09,9.398,0.0365,1.207,1.0483,1.8574,4.431,0,0,0,0.014,9.381,9.332,Test set,Test set
115,"1,2-dichloro-3-bromopropane",halogeneted,CH2Cl-CHCl-CH2Br,1,33037-07-9,7.30E+08,8.863,0.0373,0.99,1.3616,1.8641,6.006,0,0,0,0.018,8.773,8.916,Training set,Training set
116,"1,3-dibromopropane",halogeneted,CH2Br-CH2-CH2Br,1,109-64-8,4.10E+09,9.613,0.0613,1.045,1.2498,1.8585,4.905,0,0,0,0.021,9.252,9.2,Training set,Training set
117,"1,2-dichloro propane",halogeneted,CH2Cl-CHCl-CH3,1,78-87-5,4.00E+08,8.602,0.0248,1.118,1.2685,1.8623,5.784,0,0,0,0.011,8.876,9.052,Training set,Training set
118,1-chloro butane,halogeneted,CH3-(CH2)3-Cl,1,109-69-3,3.40E+09,9.531,0.098,1.268,1.1773,1.8794,4.905,0,0,0,0.014,9.507,9.561,Test set,Test set
119,2-bromo ethanol,halogeneted,Br-CH2-CH2-OH,1,540-51-2,3.50E+08,8.544,0.059,1.044,1.031,1.8355,4.431,0,0,0,0.014,9.117,8.828,Training set,Training set
120,2-chloro ethanol,halogeneted,Cl-CH2-CH2-OH,1,107-07-3,9.50E+08,8.978,0.0536,1.065,0.9597,1.8368,4.431,0,0,0,0.012,9.052,8.638,Training set,Training set
121,"2,2,2-trichloro ethanol",halogeneted,CCL3-CH2-OH,1,115-20-8,4.20E+08,8.623,0.0048,0.863,1.4199,1.8466,7.044,0,0,0,0.028,8.073,8.633,Training set,Training set
122,"2,2,2-trifluoro ethanol",halogeneted,CF3-CH2-OH,1,75-89-8,2.30E+08,8.362,0.0166,1.036,1.0849,1.8574,7.044,0,0,0,0.028,7.893,7.875,Training set,Training set
123,chloral hydrate,halogeneted,CCl3-CH(OH)2,1,302-17-0,3.10E+09,9.491,0.0089,1.123,1.4543,1.8617,7.298,0,0,0,0.022,8.304,9.213,Training set,Training set
124,halothane,halogeneted,CF3-CHClBr,1,151-67-7,1.30E+07,7.114,0.0029,0.733,1.3682,1.8512,7.298,0,0,0,0.035,7.778,7.416,Training set,Training set
125,chloroform,halogeneted,CHCl3,1,67-66-3,1.40E+07,7.146,0.0033,0.207,1.1773,1.761,5.497,0,0,0,0.06,7.542,7.571,Training set,Training set
126,"2,2-dichloro-1,1,1-trifluoro ethane",halogeneted,CF3-CHCl2,1,306-83-2,1.30E+07,7.114,0.0024,0.743,1.3214,1.8526,7.298,0,0,0,0.034,7.738,7.32,Training set,Training set
127,isoflurane,halogeneted,CHF2-O-CHCl-CF3,1,26675-46-7,2.40E+07,7.38,0.0775,1.047,1.3594,1.8778,7.523,0,0,0,0.021,8.137,7.483,Training set,Training set
128,dimethyl sulfide,"sulfide, disulfide",H3C-S-CH3,1,75-18-3,1.90E+10,10.279,0.1061,1.252,0.8325,1.7997,3.497,0,0,1,0.046,9.833,10.149,Training set,Training set
129,DIMETHYL DISULFIDE,"sulfide, disulfide",H3C-S-S-CH3,1,624-92-0,1.70E+10,10.23,0.3692,1.326,1.0752,1.7925,4.431,0,0,1.414213562,0.09,10.063,10.076,Training set,Training set
130,Diethyl sulfide,"sulfide, disulfide",H3C-CH2-S-CH2-CH3,1,352-93-2?,1.40E+10,10.146,0.2824,1.456,1.1954,1.8585,4.905,0,0,1,0.037,10.169,10.17,Training set,Training set
131,di-ethyl-di-sulfides,"sulfide, disulfide",H3C-CH2-S-S-CH2-CH3,1,110-81-6,1.40E+10,10.146,0.4805,1.485,1.2954,1.8482,5.226,0,0,1.414213562,0.075,10.433,10.165,Training set,Training set
132,2-methylthio-ethanol,"sulfide, disulfide",CH3-S-CH2-CH2-OH,1,5271-38-5,7.90E+09,9.898,0.2783,1.322,1.1318,1.8528,4.905,0,0,1,0.034,9.935,10.116,Training set,Training set
133,methional,"sulfide, disulfide",H3C-S-CH2-CH2-CHO,1,3268-49-3,8.20E+09,9.914,0.3365,1.271,1.2353,1.8738,5.642,0,0,1,0.03,9.782,9.975,Test set,Test set
134,"2,2'-thiodiethanol","sulfide, disulfide",HO-CH2-CH2-S-CH2-CH2-OH,1,111-48-8,2.00E+10,10.301,0.4396,1.431,1.2841,1.8708,5.468,0,0,1,0.036,10.15,10.115,Training set,Training set
135,thiodiacetic acid,"sulfide, disulfide",HOOC-CH2-S-CH2-COOH,1,123-93-3,6.00E+09,9.778,0.6024,1.434,1.3817,1.8804,7.066,0,0,1,0.044,9.622,9.66,Training set,Training set
136,Dimethyl sulfoxide,sulfoxide,CH3-SO-CH3,1,67-68-5?,6.50E+09,9.813,0.1513,1.3,1.0517,1.8724,6.142,0,0,1,0.038,9.17,9.854,Training set,Training set
137,Diethyl sulfoxide,sulfoxide,CH3-CH2-SO-CH2-CH3,1,70-29-1,6.50E+09,9.813,0.1382,1.512,1.2841,1.9039,6.457,0,0,1,0.032,9.631,10.251,Training set,Validation set
138,Dipropyl sulfoxide,sulfoxide,CH3-CH2-CH2-SO-CH2-CH2-CH3,1,4253-91-2,6.30E+09,9.799,0.4074,1.438,1.405,1.9173,6.605,0,0,1,0.029,9.918,9.819,Training set,Training set
139,di-butyl-sulfoxide,sulfoxide,(CH3-CH2-CH2-CH2)2-SO,1,2168-93-6,8.00E+09,9.903,0.535,1.473,1.4896,1.9246,6.735,0,0,1,0.03,10.126,9.895,Test set,Test set
140,methyl methyl thiomethyl sulfoxide,sulfoxide,CH3-SO-CH2-S-CH3,1,33577-16-1,4.80E+09,9.681,0.3538,1.503,1.2845,1.8831,6.4,0,0,1.414213562,0.059,9.898,9.906,Training set,Training set
141,Thiodiglycol Sulfoxide,sulfoxide,HO-CH2CH2-SO-CH2CH2-OH,1,3085-45-8,5.30E+09,9.724,0.3852,1.394,1.352,1.9105,6.605,0,0,1,0.029,9.761,9.754,Training set,Validation set
142,diisopropyl sulfoxide,sulfoxide,(CH3)2-CH-SO-CH-(CH3)2,1,2211-89-4,6.80E+09,9.833,0.2184,1.635,1.496,1.9287,7.098,0,0,1,0.032,9.859,10.099,Training set,Training set
143,mercapto ethanol,thiol,HS-CH2-CH2-OH,1,60-24-2,6.80E+09,9.833,0.1538,1.133,0.9778,1.8918,5.193,0,0,1,0.05,9.516,9.727,Training set,Training set
144,mercaptoacetic acid,thiol,HS-CH2-COOH,1,1968/11/1,1.20E+09,9.079,0.399,1.027,1.1027,1.8536,6.312,0,0,1,0.039,8.997,9.245,Training set,Training set
145,methyl thioglycolate,thiol,HS-CH2-COOCH3,6,2365-48-2,1.80E+10,10.255,0.3879,1.177,1.2149,1.8679,6.457,0,0,1,0.034,9.259,9.488,Test set,Test set
146,dithiothreitol,thiol,HS-CH2-CH(OH)-CH(OH)-CH2-SH,1,?3483-12-3,1.50E+10,10.176,0.2742,1.414,1.4061,1.9029,6.644,0,0,1.414213562,0.059,9.869,10.071,Training set,Training set
147,acetonitrile,nitrile,CH3-CN,1,1975/5/8,2.20E+07,7.342,0.0347,0.69,0.7266,1.824,6.142,0,0,0,0.049,7.453,7.309,Training set,Training set
148,cyanogen,nitrile,CN-CN,1,460-19-5,1.00E+07,7,1,0.327,0.9333,1.8341,6.875,0,0,0,0.066,7.822,7.275,Training set,Training set
149,propionitrile,nitrile,CH3-CH2-CN,1,107-12-0,9.30E+07,7.968,0.0481,1.174,0.9955,1.8604,6.265,0,0,0,0.016,8.358,8.243,Training set,Training set
150,succino nitrile,nitrile,NC-CH2-CH2-CN,1,110-61-2,3.80E+08,8.58,0.1501,1.166,1.2161,1.8844,6.975,0,0,0,0.012,8.452,8.847,Training set,Training set
151,1-nitropropane,nitro,CH3-CH2-CH2-NO2,1,108-03-2,2.50E+08,8.398,0.1513,1.176,1.1752,1.9215,6.766,0,0,0,0.02,8.706,8.359,Test set,Test set
152,2-nitropropane,nitro,(CH3)2-CH-NO2,1,79-46-9,8.00E+07,7.903,0.0422,1.363,1.2418,1.9295,7.01,0,0,0,0.02,8.786,8.448,Training set,Training set
153,chloronitromethane,nitro,CH2ClNO2,1,1794-84-9,1.94E+08,8.288,0.2525,0.945,1.045,1.8649,6.312,0,0,0,0.014,8.37,8.347,Training set,Training set
154,dichloronitromethane,nitro,CHCl2NO2,1,7119-89-3,5.12E+08,8.709,0.1098,0.858,1.2418,1.8684,6.73,0,0,0,0.018,8.21,8.54,Training set,Training set
155,bromonitromethane,nitro,CH2BrNO2,1,563-70-2,8.36E+07,7.922,0.1629,0.711,1.0854,1.8997,6.706,0,0,0,0.041,8.096,7.991,Training set,Training set
156,dibromonitromethane,nitro,CHBr2NO2,1,598-91-4,4.75E+08,8.677,0.0495,0.631,1.3461,1.9016,7.01,0,0,0,0.052,8.095,8.787,Test set,Test set
157,bromochloronitromethane,nitro,CHBrClNO2,1,135531-25-8,4.20E+08,8.623,0.0444,0.64,1.2931,1.9026,7.01,0,0,0,0.053,8.04,8.404,Training set,Training set
158,acetamide,amide,CH3-CO-NH2,1,60-35-5,1.90E+08,8.279,0.2742,1.162,0.9701,1.855,6.142,0,0,0,0.017,8.538,8.344,Training set,Validation set
159,glycolamide,amide,HO-CH2-CO-NH2,1,598-42-5,1.10E+09,9.041,0.3771,1.249,1.0597,1.866,6.312,0,0,0,0.015,8.778,9.078,Training set,Training set
160,2-hydroxypropionamide,amide,HO-CH(CH3)-CO-NH2,1,65144-02-7,1.30E+09,9.114,0.1989,1.476,1.2341,1.8897,6.73,0,0,0,0.008,8.957,8.893,Training set,Training set
161,2-methylpropionamide,amide,(CH3)-CH-CO-NH2,1,563-83-7,1.60E+09,9.204,0.0761,1.621,1.31,1.9011,6.73,0,0,0,0.007,9.14,9.163,Training set,Validation set
162,propionamide,amide,C2H5-CO-NH2,1,79-05-0,7.00E+08,8.845,0.2487,1.282,1.1269,1.8788,6.312,0,0,0,0.007,8.849,8.787,Training set,Training set
163,trimethylacetamide,amide,(CH3)3-C-CO-NH2,1,754-10-9,1.50E+09,9.176,0.0002,1.752,1.4653,1.9207,7.446,0,0,0,0.012,9.114,9.165,Training set,Training set
164,isobutyramide,amide,(CH3)2-CH-CO-NH2,1,563-83-7,1.60E+09,9.204,0.1015,1.579,1.31,1.9011,6.73,0,0,0,0.006,9.121,9.166,Training set,Validation set
165,n-tert-butyl-acetamide,amide,CH3-CO-NH-C-(CH3)3,1,762-84-5,1.10E+09,9.041,0.0116,1.816,1.4687,1.9194,7.417,0,0,0,0.013,9.196,9.302,Training set,Training set
166,n-methylacetamide,amide,CH3-CO-NH-CH3,1,79-16-3,1.60E+09,9.204,0.2068,1.41,1.1269,1.8732,6.312,0,0,0,0.01,8.907,8.809,Training set,Training set
167,n-butylform amide,amide,(CH3)2-CH-CO-NH-CH3,1,871-71-6,1.90E+09,9.279,0.3513,1.344,1.2724,1.896,5.808,0,0,0,0.005,9.514,9.501,Training set,Training set
168,n-methyl-pival amide,amide,(CH3)3-C-CO-NH-CH3,1,6830-83-7,2.40E+09,9.38,0.0121,1.817,1.5027,1.9254,7.495,0,0,0,0.012,9.228,9.381,Training set,Training set
169,n-methyl-propion amide,amide,CH3-CH2-CO-NH-CH3,1,1187-58-2,1.40E+09,9.146,0.3222,1.371,1.2321,1.89,6.457,0,0,0,0.005,9.1,8.87,Test set,Test set
170,n-methylisobutyr amide,amide,(CH3)2-CH-CO-NH-CH3,1,2675-88-9,1.90E+09,9.279,0.1603,1.675,1.3715,1.9079,6.828,0,0,0,0.007,9.316,9.423,Training set,Training set
171,"n,n-dimethyl acetamide",amide,CH3-CO-N-(CH3)2,1,127-19-5,3.50E+09,9.544,0.234,1.503,1.31,1.8924,6.73,0,0,0,0.007,9.115,9.158,Training set,Training set
172,"n,n-dimethyl pivalamide",amide,(CH3)3-C-CO-N-(CH3)2,1,24331-71-3,3.90E+09,9.591,0.0193,1.855,1.5646,1.9313,7.643,0,0,0,0.014,9.297,9.526,Training set,Validation set
173,2-aminoacetamid,amine,H2N-CH2-CO-NH2,1,598-41-4,2.80E+09,9.447,0.3692,1.284,1.0867,1.8716,6.312,0,0,0,0.013,8.865,8.804,Training set,Training set
174,methyl amine,amine,CH3-NH2,1,74-89-5,5.70E+09,9.756,0.0373,1.091,0,1.7891,0.693,0,0,0,0.092,9.606,9.572,Training set,Training set
175,ethyl amine,amine,CH3-CH2-NH2,1,1975/4/7,6.40E+09,9.806,0.0505,1.325,0.7266,1.842,3.497,0,0,0,0.023,9.521,9.921,Training set,Training set
176,n-butyl amine,amine,CH3-(CH2)3-NH2,1,109-73-9,8.20E+09,9.914,0.178,1.419,1.1432,1.8871,4.905,0,0,0,0.011,9.71,9.779,Test set,Test set
177,propyl amine,amine,CH3-CH2-CH2-NH2,1,107-10-8,7.30E+09,9.863,0.0997,1.382,0.9955,1.87,4.431,0,0,0,0.013,9.595,9.673,Training set,Training set
178,ethylenediamine,amine,H2N-CH2-CH2-NH2,1,107-15-3,5.50E+09,9.74,0.107,1.4,0.9333,1.8615,4.431,0,0,0,0.012,9.499,9.737,Training set,Training set
179,tert-butyl amine,amine,(CH3)3-C-NH2,1,75-64-9,6.00E+09,9.778,0,1.711,1.3439,1.9018,6.932,0,0,0,0.01,9.102,9.063,Training set,Training set
180,N-AMYLAMINE,amine,CH3-(CH2)4-NH2,1,110-58-7,7.00E+09,9.845,0.2621,1.44,1.2434,1.8982,5.226,0,0,0,0.011,9.808,9.847,Test set,Test set
181,HEXYLAMINE,amine,CH3-(CH2)5-NH2,1,111-26-2,1.30E+10,10.114,0.3488,1.466,1.3191,1.9058,5.468,0,0,0,0.011,9.907,9.856,Training set,Training set
182,n-octylamine,amine,CH3-(CH2)7-NH2,1,111-86-4,1.46E+10,10.164,0.497,1.49,1.4286,1.9155,5.826,0,0,0,0.013,10.045,10.069,Training set,Validation set
183,iso-propyl amine,amine,(CH3)2-CH-NH2,1,75-31-0,1.30E+10,10.114,0.0585,1.516,1.105,1.8756,5.497,0,0,0,0.007,9.293,9.418,Training set,Training set
184,O-methylhydroxylamine,amine,CH3-O-NH2,1,67-62-9,1.40E+10,10.146,0.1538,1.251,0.7266,1.7997,3.497,0,0,0,0.029,9.326,9.901,Training set,Training set
185,dimethylamine,amine,CH3-NH-CH3,1,124-40-3,8.90E+09,9.949,0.0687,1.363,0.8325,1.8344,3.497,0,0,0,0.023,9.662,9.938,Training set,Training set
186,dibutyl amine,amine,Ch3-(CH2)3-NH-(CH2)3-CH3,1,111-92-2,1.80E+10,10.255,0.514,1.496,1.4142,1.91,5.826,0,0,0,0.013,10.02,9.819,Training set,Training set
187,Iminodiacetic acid,amine,HOOC-CH2-NH-CH2-COOH,1,142-73-4?,4.90E+07,7.69,0.455,1.428,1.336,1.8963,7.066,0,0,0,0.011,9.102,8.074,Training set,Training set
188,Diethylhydroxylamine,amine,(C2H5)2-N-OH,1,3710-84-7?,1.30E+09,9.114,0.1897,1.545,1.2186,1.8879,6.006,0,0,0,0.006,9.361,9.476,Training set,Training set
189,tributyl amine,amine,(CH3(CH2)3)3-N,1,102-82-9,1.70E+10,10.23,0.4488,1.85,1.5786,1.9308,6.676,0,0,0,0.018,10.159,10.265,Training set,Training set
190,triethyl amine,amine,(C2H5)3-N,1,121-44-8,1.00E+10,10,0.1513,1.698,1.3439,1.9074,6.188,0,0,0,0.007,9.627,9.695,Training set,Training set
191,Trimethylamine,amine,(CH3)3-N,1,75-50-3,1.30E+10,10.114,0.0971,1.585,1.1773,1.8665,5.497,0,0,0,0.01,9.431,9.601,Test set,Test set
192,triethanol amine,amine,(HO-CH2-CH2)3-N,1,102-71-6,8.00E+09,9.903,0.2952,1.74,1.4251,1.9149,6.461,0,0,0,0.009,9.778,9.867,Training set,Training set
193,nitrilotriacetic acid,amine,(CH2COOH)3-N,1,139-13-9,2.10E+09,9.322,0.2358,1.754,1.5156,1.9212,7.621,0,0,0,0.012,9.281,9.381,Training set,Training set
194,"1,1-dimethyl hydrazine",amine,(CH3)2-N-NH2,1,57-14-7,1.60E+10,10.204,0.1794,1.558,1.105,1.8571,5.497,0,0,0,0.014,9.339,9.675,Test set,Test set
195, Tris(hydroxymethyl)aminomethane,amine,(HO-CH2)3C-NH2,1,77-86-1,1.50E+09,9.176,0.0094,1.775,1.4251,1.9176,7.236,0,0,0,0.011,9.188,9.255,Test set,Test set
196,Nitrosodimethylamine,"nitroso, nitramine",(CH3)2-N-NO,1,62-75-9,4.30E+08,8.633,0.1696,1.332,1.1493,1.8625,6.054,0,0,0,0.008,8.911,8.811,Training set,Training set
197,methyl ethyl nitrosamine,"nitroso, nitramine",CH3-CH2-N(CH3)-N=O,1,10595-95-6,4.95E+08,8.695,0.171,1.449,1.2211,1.8818,6.229,0,0,0,0.006,9.113,9.195,Training set,Validation set
198,diethylnitrosamine,"nitroso, nitramine",CH3-CH2-N-(N=O)-CH2-CH3,1,55-18-5,6.99E+08,8.844,0.1501,1.517,1.2791,1.8947,6.377,0,0,0,0.005,9.218,9.327,Training set,Training set
199,N-Nitrosodimethylamine,"nitroso, nitramine",(CH3)2-N-NO2,1,62-75-9?,5.44E+08,8.736,0.0422,1.363,1.2418,1.9295,7.01,0,0,0,0.02,8.786,8.448,Test set,Test set
200,diethylnitramine,"nitroso, nitramine",(CH3-CH2)2-N-NO2,1,55750-53-3,8.67E+08,8.938,0.1577,1.498,1.3229,1.9313,7.147,0,0,0,0.01,9.042,8.844,Training set,Training set
201,methylethylnitramine,"nitroso, nitramine",(CH3)(CH3CH2)-N-NO2,1,-,7.60E+08,8.881,0.2084,1.382,1.2211,1.8818,6.229,0,0,0,0.005,9.081,9.124,Training set,Training set
202,N-Nitrosodipropylamine,"nitroso, nitramine",(CH3)(CH3CH2)-N-NO2,1,621-64-7,2.30E+09,9.362,0.4131,1.471,1.4018,1.9097,6.537,0,0,0,0.005,9.529,9.371,Training set,Training set
203,N-nitro sodibutylamine,"nitroso, nitramine",(CH3-CH2-CH2-CH2)2-N-NO2,1,924-16-3,4.71E+09,9.673,0.5386,1.514,1.4873,1.9181,6.675,0,0,0,0.008,9.745,9.618,Training set,Validation set
204,N-Nitrosoethylbutylamine,"nitroso, nitramine",(CH3-CH2-CH2-CH2)(CH3-CH2)-N-NO2,1,4549-44-4,3.10E+09,9.491,0.3107,1.551,1.4241,1.917,6.485,0,0,0,0.005,9.611,9.783,Training set,Training set
205,N-nitro sopyrrolidine,"nitroso, nitramine",(C4H8)-N-NO,1,930-55-2,1.75E+09,9.243,0.0849,1.497,1.4018,1.9316,6.578,0,0,0,0.011,9.373,9.531,Training set,Training set
206,N-nitro sopiperidine,"nitroso, nitramine",C5H10-N-NO,1,100-75-4,2.98E+09,9.474,0.6512,1.342,1.4478,1.9393,7.009,0,0,0,0.004,9.561,9.349,Training set,Training set
207,N-nitrosohexamethyleneimine,"nitroso, nitramine",(C6H12)-N-NO,1,932-83-2,4.35E+09,9.638,0.0187,1.764,1.4873,1.9326,6.698,0,0,0,0.012,9.615,9.706,Training set,Training set
208,dimethyl methylphosphonate (DMMP),phosphorus,(CH3)(CH3-O-)2-P=O,1,756-79-6,2.00E+08,8.301,0.1751,1.542,1.3183,1.91,7.455,0,0,0,0.012,8.825,7.895,Training set,Training set
209,diethyl methylphosphonate(DEMP),phosphorus,(CH3)(CH3CH2)(CH3CH2O)-PO,1,683-08-9,6.00E+08,8.778,0.1897,1.75,1.3795,1.9191,7.512,0,0,0,0.013,9.121,9.056,Training set,Validation set
210,trimethyl phosphate,phosphorus,PO4-(CH3)3,1,512-56-1,1.20E+08,8.079,0.215,1.62,1.3457,1.9058,7.525,0,0,0,0.015,8.907,8.125,Training set,Training set
211,triethyl phosphate,phosphorus,PO4-(CH2-CH3)3,1,78-40-0,2.90E+09,9.462,0.3438,1.783,1.4265,1.9196,7.604,0,0,0,0.017,9.29,9.323,Training set,Training set
212,tributyl phosphate,phosphorus,PO4-(CH2-CH2-CH3)3,1,126-73-8,1.00E+10,10,0.5907,1.879,1.6168,1.9316,7.746,0,0,0,0.026,9.796,10.016,Training set,Training set
213,cycloheptane,cyclo,(C7H14),1,291-64-5,7.70E+09,9.886,0.0044,1.805,1.4419,1.9321,5.881,0,0,0,0.02,10.008,9.858,Training set,Training set
214,cycloheptanol,cyclo,OH-(C7H13),1,502-41-0,1.70E+09,9.23,0.0116,1.82,1.4832,1.9362,6.444,0,0,0,0.015,9.806,9.802,Training set,Training set
215,cyclohexane,cyclo,(C6H12),1,110-82-7,6.10E+09,9.785,0.024,1.665,1.395,1.9313,5.727,0,0,0,0.021,9.912,9.774,Training set,Training set
216,cyclopentane,cyclo,(C5H10),1,287-92-3,4.50E+09,9.653,0.0168,1.56,1.3387,1.9308,5.583,0,0,0,0.023,9.813,9.627,Training set,Training set
217,tetrahydrofuran,cyclo,(C4H8O),1,109-99-9,4.00E+09,9.602,0.0268,1.525,1.2704,1.9162,5.583,0,0,0,0.015,9.633,9.593,Training set,Training set
218,"1,4-dioxane",cyclo,(C4H8O2),1,123-91-1,3.10E+09,9.491,0.0625,1.622,1.2724,1.9045,5.727,0,0,0,0.009,9.622,9.68,Training set,Training set
219,"1,4-dithiane",cyclo,(C4H8S2),1,505-29-3,1.80E+10,10.255,0.0963,1.591,1.4124,1.8905,5.727,0,0,1.414213562,0.065,10.311,10.42,Training set,Training set
220,"1,3,5-trioxane",cyclo,(C3H6O3),1,110-88-3,1.50E+09,9.176,0.0662,1.671,1.2514,1.8881,5.727,0,0,0,0.009,9.564,9.642,Training set,Training set
221,tetramethylene sulfoxide,cyclo,O-(SC4H8),1,1600-44-8,7.00E+09,9.845,0.0295,1.483,1.405,1.9391,6.644,0,0,1,0.051,9.74,9.987,Training set,Validation set
222,"2-methyl-1,3-dioxalane",cyclo,CH3-(C3H5O2),1,497-26-7,3.50E+09,9.544,0.0053,1.74,1.2919,1.9123,6.286,0,0,0,0.008,9.458,9.485,Training set,Validation set
223,"1,3-dioxolane",cyclo,(C3H6O2),1,646-06-0,4.00E+09,9.602,0.0283,1.538,1.2062,1.8982,5.583,0,0,0,0.008,9.479,9.541,Training set,Training set
224,ethylene oxide,cyclo,(C2H4O),1,75-21-8,6.80E+07,7.833,0.0354,1.088,0,1.9032,5.497,0,0,0,0.231,7.677,7.712,Training set,Training set
225,"1,2-epoxybutane",cyclo,CH3-CH2-(C2H3O),1,106-88-7,7.80E+08,8.892,0.0531,1.6,1.1207,1.9336,6.486,0,0,0,0.019,9.162,9.098,Training set,Training set
226,"1,2-epoxypropane",cyclo,CH3-(C2H3O),1,75-56-9,2.50E+08,8.398,0.0656,1.362,0.9597,1.9248,6.354,0,0,0,0.033,8.78,8.466,Training set,Training set
227,"2,3-epoxypropanol",cyclo,OH-CH2-(C2H3O),1,556-52-5,4.70E+08,8.672,0.1147,1.439,1.0517,1.9292,6.486,0,0,0,0.024,8.957,8.825,Test set,Test set
228,allyl alcohol,alkene,H2C=CHCH2OH,1,107-18-6,5.90E+09,9.771,0.4074,1.143,0.9597,1.8657,5.193,1,0,0,0.045,9.823,9.943,Training set,Training set
229,1-butene,alkene,H2C=CHCH2CH3,1,106-98-9,7.00E+09,9.845,0.2525,1.271,1.0483,1.8783,5.193,1,0,0,0.053,9.986,9.896,Training set,Training set
230,propylene,alkene,H2C=CHCH3,1,115-07-1,7.00E+09,9.845,0.2783,1.16,0.8325,1.8547,4.82,1,0,0,0.049,9.718,9.701,Training set,Training set
231,isobutylene,alkene,(CH3)2C=CH2,1,115-11-7,5.40E+09,9.732,0.2184,1.398,1.1773,1.8857,6.142,1,0,0,0.049,9.777,9.856,Training set,Training set
232,"1,4-cyclohexadiene",alkene,(C6H8),1,628-41-1,7.70E+09,9.886,0.1452,1.563,1.395,1.9388,6.475,0,0,0,0.011,9.565,9.704,Training set,Validation set
233,cyclopentane,alkene,(C5H10),1,287-92-3,7.00E+09,9.845,0.0168,1.56,1.3387,1.9308,5.583,0,0,0,0.023,9.813,9.627,Training set,Training set
234,cyclohexane,alkene,(C6H12),1,110-82-7,8.80E+09,9.944,0.024,1.665,1.395,1.9313,5.727,0,0,0,0.021,9.912,9.774,Training set,Training set
235,1-butene-3-one,alkene,H2C=CHCOCH3,1,78-94-4,8.50E+09,9.929,0.514,1.204,1.1798,1.8871,6.48,1,0,0,0.041,9.671,9.867,Training set,Training set
236,acrylamide,alkene,H2C=CHCONH2,1,1979/6/1,5.90E+09,9.771,1,1.056,1.1269,1.8799,6.48,1,0,0,0.044,9.83,9.77,Training set,Training set
237,methyl acrylamide,alkene,H2C=C(CH3)-CO-NH2,1,79-39-0,1.30E+10,10.114,0.4046,1.526,1.2845,1.8963,6.4,1,0,0,0.046,10.096,10.321,Training set,Training set
238,"1,4-benzoquinone",alkene,CO-(C4H4)-CO,1,106-51-4,1.20E+09,9.079,1,1.091,1.4839,1.9465,7.422,0,0,0,0.01,9.477,9.51,Training set,Training set
239,vinyl alcohol,alkene,H2C=CH-OH,1,557-75-5,1.50E+09,9.176,1,0.846,0.6427,1.8314,4.82,1.414213562,0,0,0.092,9.942,9.303,Training set,Training set
240,acrolein,alkene,H2C=CHCHO,1,107-02-8,7.00E+09,9.845,1,0.872,0.9597,1.8633,5.62,1,0,0,0.045,9.82,9.852,Training set,Training set
241,crotonaldehyde,alkene,CH3CH=CHCHO,1,123-73-9,5.80E+09,9.763,0.5174,1.18,1.1207,1.8855,5.984,0,0,0,0.007,9.169,9.568,Training set,Validation set
242,acrylic acid,alkene,H2C=CHCOOH,1,1979/10/7,1.50E+09,9.176,1,0.942,1.0909,1.8746,6.48,1,0,0,0.044,9.653,9.663,Training set,Training set
243,maleic acid,alkene,Cis HOOC-CH=CH-COOH,1,110-16-7,6.00E+09,9.778,1,1.053,1.3107,1.9024,7.171,0,0,0,0.024,9.142,9.598,Test set,Test set
244,fumaric acid,alkene,Cis HOOC-CH=CH-COOH (trans),1,110-17-8,6.00E+09,9.778,1,1.086,1.3107,1.9024,7.171,0,0,0,0.025,9.173,9.695,Training set,Validation set
245,2-hydroxyethyl acrylate,alkene,H2C=CHCOOCH2CH2OH,1,818-61-1,1.10E+10,10.041,0.5985,1.389,1.2919,1.8937,6.733,1,0,0,0.042,9.95,10.159,Training set,Training set
246,methyl methacrylate,alkene,H2C=C(CH3)COOCH3,1,80-62-6,1.10E+10,10.041,0.5037,1.521,1.3557,1.9045,7.051,1,0,0,0.045,9.962,10.008,Training set,Training set
247,vinyl chloride,alkene,H2C=CHCl,1,1975/1/4,1.20E+10,10.079,1,0.611,0.8325,1.8166,4.82,1.414213562,0,0,0.083,9.878,10.034,Training set,Training set
248,vinylidine chloride,alkene,H2C=CCl2,1,75-35-4,6.80E+09,9.833,1,0.496,1.1773,1.8232,6.142,1.414213562,0,0,0.087,9.534,9.596,Training set,Training set
249,dichloroethylene (cis),alkene,ClCH=CHCl (cis),1,156-59-2,3.80E+09,9.58,1,0.537,1.0483,1.8229,5.501,1.414213562,0,0,0.083,9.748,9.567,Training set,Training set
250,dichloroethylene  (trans),alkene,ClCH=CHCl (trans),1,156-60-5,4.40E+09,9.643,0.7877,0.969,1.0483,1.8229,5.501,1.414213562,0,0,0.082,9.978,9.516,Training set,Training set
251,tetrachloroethylene,alkene,Cl2C=CCl2,1,127-18-4,2.00E+09,9.301,1,0.357,1.395,1.8355,6.963,1.414213562,0,0,0.072,9.303,9.516,Test set,Test set
252,fluoranil,alkene,F4(C6)O2,1,527-21-9,3.90E+09,9.591,1,0.94,1.5849,1.9575,8.188,0,0,0,0.014,9.115,9.24,Test set,Test set
253,allyl cyanide,alkene,H2C=CHCH2CN,1,109-75-1,6.90E+09,9.839,0.4336,1.123,1.1432,1.882,6.512,1,0,0,0.044,9.444,9.681,Training set,Training set
254,acrylonitrile,alkene,H2C=CHCN,1,107-13-1,5.30E+09,9.724,1,0.825,0.9955,1.8612,6.433,1,0,0,0.048,9.387,9.372,Training set,Training set
255,methacrylonitrile,alkene,H2C=C(CH3)CN,1,126-98-7,1.20E+10,10.079,0.416,1.226,1.2434,1.89,6.911,1,0,0,0.045,9.479,10.114,Test set,Test set
256,ethylbenzene,benzene,C6H5-CH2CH3,1,100-41-4,7.50E+09,9.875,0.5907,1.515,1.5176,1.9634,7.096,0,0,0,0.006,9.833,10.297,Training set,Training set
257,phenol,benzene,C6H5-OH,1,108-95-2,6.60E+09,9.82,1,1.193,1.4429,1.9558,7.022,0,1,0,0.02,10.049,10.096,Training set,Training set
258,fluorobenzene,benzene,C6H5-F,1,462-06-6,5.70E+09,9.756,1,1.096,1.4342,1.9537,7.022,0,0,0,0.01,9.665,9.631,Training set,Training set
259,chlorobenzene,benzene,C6H5Cl,1,108-90-7,4.30E+09,9.633,1,1.039,1.4822,1.9527,7.022,0,0,0,0.011,9.664,9.556,Training set,Training set
260,bromobenzene,benzene,C6H5-Br,1,108-86-1,5.20E+09,9.716,1,1.022,1.5096,1.9519,7.022,0,0,0,0.012,9.678,9.527,Training set,Training set
261,iodobenzene,benzene,C6H5-I,1,591-50-4,5.30E+09,9.724,1,1.001,1.532,1.9512,7.022,0,0,0,0.013,9.681,9.483,Training set,Training set
262,benzonitrile,benzene,C6H5-CN,1,100-47-0,3.90E+09,9.591,1,1.118,1.5073,1.9609,7.414,0,0,0,0.01,9.606,9.668,Training set,Training set
263,nitrobenzene,benzene,C6H5-NO2,1,98-95-3,3.90E+09,9.591,1,1.07,1.5067,1.9753,7.599,0,0,0,0.013,9.536,9.679,Training set,Training set
264,benzaldehyde,benzene,C6H5-CHO,1,100-52-7,4.40E+09,9.643,1,1.154,1.501,1.9614,7.176,0,0,0,0.01,9.758,9.757,Training set,Training set
265,benzoic acid,benzene,C6H5-COOH,1,65-85-0,4.30E+09,9.633,1,1.183,1.5268,1.9634,7.453,0,0,0,0.009,9.682,9.726,Training set,Training set
266,acetophenone,benzene,C6H5-COCH3,1,98-86-2,6.40E+09,9.806,0.7682,1.468,1.5492,1.9652,7.453,0,0,0,0.006,9.795,9.807,Training set,Training set
267,benzamide,benzene,C6H5-CONH2,1,55-21-0,4.60E+09,9.663,1,1.214,1.5353,1.9642,7.453,0,0,0,0.009,9.725,9.753,Training set,Training set
268,methyl phenyl sulfoxide,benzene,C6H5-SOCH3,1,1193-82-4,9.70E+09,9.987,0.6223,1.498,1.5543,1.9667,7.453,0,0,1,0.034,10.136,10.067,Training set,Validation set
269,benzylalcohol,benzene,C6H5-CH2OH,1,100-51-6,8.40E+09,9.924,0.7351,1.425,1.501,1.9616,7.096,0,0,0,0.006,9.837,9.691,Training set,Validation set
270,acetanilide,benzene,C6H5-NH-CO-CH3,1,103-84-4,5.20E+09,9.716,0.7877,1.512,1.5473,1.9624,7.453,0,0,0,0.007,9.836,9.809,Training set,Training set
271,benzenesulfonic acid,benzene,C6H5-SO3H,1,1998/11/3,2.10E+09,9.322,0.3745,1.466,1.5627,1.9907,8.114,0,0,1,0.059,9.691,9.36,Training set,Training set
272,phenyl hydroxylamine,benzene,C6H5-NH-OH,1,100-65-2,1.50E+10,10.176,1,1.209,1.4785,1.9591,7.096,0,0,0,0.01,9.812,9.795,Training set,Training set
273,2-methyl-4-phenyl-2-butanol,benzene,C6H5-CH2CH2-C(CH3)2-OH,1,103-05-9,5.90E+09,9.771,0.3414,1.84,1.6562,1.9675,7.771,0,0,0,0.009,9.77,9.899,Training set,Training set
274,2-methyl-1-phenyl-1-propanol,benzene,C6H5-CHOHCH(CH3)2,1,611-69-8,9.50E+09,9.978,0.0643,1.935,1.6251,1.9695,7.526,0,0,0,0.017,9.732,10.107,Test set,Test set
275,phenylethanol,benzene,C6H5-CHOHCH3,1,1960/12/8,1.10E+10,10.041,0.6428,1.502,1.5336,1.9642,7.138,0,0,0,0.006,9.864,10.169,Training set,Training set
276,1-phenyl-1-propanol,benzene,C6H5-CH(OH)(CH2-CH3),1,93-54-9,1.00E+10,10,0.2701,1.825,1.577,1.9672,7.362,0,0,0,0.01,9.813,10.237,Training set,Training set
277,1-phenyl-2-propanol,benzene,C6H5-CH2-CH2-OH,1,14898-87-4,2.10E+10,10.322,0.5071,1.669,1.577,1.966,7.313,0,0,0,0.006,9.88,10.1,Training set,Training set
278,anisol,benzene,C6H5-O-CH3,1,100-66-3,5.40E+09,9.732,0.7305,1.511,1.4832,1.9581,7.096,0,0,0,0.006,9.875,9.785,Training set,Training set
279,benzophenone,benzene,(C6H5)2-CO,1,119-61-9,9.00E+09,9.954,1,1.323,1.7164,1.9822,8.001,0,0,0,0.01,9.851,9.857,Training set,Training set
280,diphenylamine,benzene,(C6H5)2-NH,1,122-39-4,1.00E+10,10,1,1.336,1.6793,1.9764,7.776,0,0,0,0.01,9.906,9.88,Training set,Training set
281,diphenyl sulfoxide,benzene,(C6H5)2-SO,1,945-51-7,6.30E+09,9.799,0.8913,1.526,1.7216,1.9842,8.001,0,0,1,0.036,10.386,9.806,Training set,Training set
282,1-phenyl-1-propanol,benzene,C6H5-CH(OH)-CH3,1,93-54-9,1.00E+10,10,0.2701,1.825,1.577,1.9672,7.362,0,0,0,0.01,9.813,10.237,Training set,Validation set
283,o-cresol,benzene,HO-C6H4-CH3,1,95-48-7,1.10E+10,10.041,0.7167,1.487,1.5182,1.9644,7.356,0,1,0,0.018,10.053,10.279,Training set,Training set
284,p-cresol,benzene,HO-C6H4-CH3,1,106-44-5,1.20E+10,10.079,0.7351,1.475,1.5182,1.9639,7.327,0,1,0,0.018,10.069,10.276,Training set,Training set
285,"1,2-dichlorobenzene",benzene,C6H4-Cl2,1,95-50-1,4.00E+09,9.602,1,0.949,1.5485,1.9542,7.356,0,0,0,0.013,9.495,9.525,Training set,Training set
286,"1,3-dichlorobenzene",benzene,C6H4-Cl2,1,541-73-1,5.70E+09,9.756,1,0.943,1.5485,1.9542,7.327,0,0,0,0.013,9.504,9.516,Training set,Training set
287,"1,4-dichlorobenzene",benzene,C6H4-Cl2,1,106-46-7,5.40E+09,9.732,1,0.957,1.5485,1.9542,7.327,0,0,0,0.013,9.517,9.532,Test set,Test set
288,"1,2-benzenediol",benzene,C6H4-(OH)2,1,120-80-9,1.10E+10,10.041,1,1.239,1.4839,1.9604,7.356,0,1.414213562,0,0.036,10.104,10.019,Training set,Training set
289,resorcinol,benzene,"1,3-C6H4 (OH)2",1,108-46-3,1.20E+10,10.079,1,1.245,1.4839,1.9601,7.327,0,1.414213562,0,0.036,10.123,10.043,Training set,Validation set
290,2-chlorophenol,benzene,HO-C6H4-Cl,1,95-57-8,1.20E+10,10.079,1,1.096,1.5182,1.9573,7.356,0,1,0,0.02,9.884,9.935,Training set,Training set
291,3-chlorophenol,benzene,HO-C6H4-Cl,1,108-43-0,7.20E+09,9.857,1,1.099,1.5182,1.9573,7.327,0,1,0,0.02,9.901,9.946,Test set,Test set
292,4-chlorophenol,benzene,HO-C6H4-Cl,1,106-48-9,9.30E+09,9.968,1,1.102,1.5182,1.9573,7.327,0,1,0,0.02,9.904,9.947,Training set,Training set
293,2-methoxyphenol,benzene,HO-C6H4-O-CH3,1,1990/5/1,2.00E+10,10.301,0.7444,1.535,1.5189,1.9627,7.41,0,1,0,0.019,10.084,10.244,Test set,Test set
294,3-methoxyphenol,benzene,HO-C6H4-O-CH3,1,150-19-6,3.20E+10,10.505,0.7682,1.548,1.5189,1.9624,7.382,0,1,0,0.019,10.129,10.263,Training set,Training set
295,4-methoxyphenol,benzene,HO-C6H4-O-CH3,1,150-76-5,2.60E+10,10.415,0.7682,1.53,1.5189,1.9624,7.382,0,1,0,0.019,10.112,10.246,Training set,Training set
296,4-nitrophenol,benzene,HO-C6H4-NO2,1,100-02-7,3.80E+09,9.58,1,1.109,1.5395,1.9781,7.781,0,1,0,0.021,9.805,9.896,Training set,Training set
297,4-tolunitrile,benzene,CH3-C6H4-CN,1,104-85-8,1.20E+10,10.079,0.7539,1.405,1.5681,1.9682,7.63,0,0,0,0.006,9.671,9.759,Test set,Test set
298,"1,4-dicyanobenzene",benzene,C6H4(CN)2,1,623-26-7,7.80E+08,8.892,1,1.099,1.5865,1.9693,7.862,0,0,0,0.01,9.493,9.625,Training set,Training set
299,p-fluorobenzonitrile,benzene,F-C6H4-CN,1,1194-02-1,3.50E+09,9.544,1,1.085,1.5339,1.9634,7.63,0,0,0,0.01,9.508,9.615,Training set,Training set
300,tert-butylphenol,benzene,(CH3)3-C-C6H4-OH,1,27178-34-3,1.90E+10,10.279,0.2394,1.798,1.5897,1.9326,7.245,0,0,0,0.01,9.666,10.023,Training set,Training set
301,o-difluorobenzene,benzene,C6H4-F2,1,367-11-3,7.50E+09,9.875,1,1.056,1.4683,1.9568,7.356,0,0,0,0.01,9.511,9.572,Test set,Test set
302,p-difluorobenzene,benzene,C6H4-F2,1,540-36-3,1.00E+10,10,1,1.056,1.4683,1.9568,7.356,0,0,0,0.01,9.511,9.572,Training set,Training set
303,"1,2-dimethoxybenzene",benzene,C6H4-(OCH3)2,1,91-16-7,5.20E+09,9.716,0.6428,1.652,1.5498,1.9649,7.461,0,0,0,0.006,9.86,9.67,Training set,Training set
304,"1,3-dimethoxybenzene",benzene,C6H4-(OCH3)2,1,151-10-0,7.20E+09,9.857,0.6855,1.666,1.5498,1.9644,7.434,0,0,0,0.007,9.919,9.825,Test set,Test set
305,"1,4-dimethoxybenzene",benzene,C6H4-(OCH3)2,1,150-78-7,7.00E+09,9.845,0.7032,1.59,1.5498,1.9644,7.434,0,0,0,0.006,9.863,9.938,Training set,Training set
306,p-nitroaniline,benzene,O2N-C6H4-NH2,1,100-01-6,1.40E+10,10.146,1,1.122,1.5505,1.9791,7.781,0,0,0,0.012,9.562,9.691,Training set,Validation set
307,p-tolunitrile,benzene,CH3-C6H4-CN,1,104-85-8,1.20E+10,10.079,0.7539,1.406,1.5681,1.9682,7.63,0,0,0,0.006,9.672,9.76,Training set,Training set
308,1-chloro-4-nitrobenzene,benzene,Cl-C6H4NO2,1,100-00-5,1.30E+09,9.114,1,0.993,1.5675,1.9764,7.781,0,0,0,0.014,9.449,9.674,Training set,Training set
309,4-nitroacetophenone,benzene,O2N-C6H4-COCH3,1,100-19-6,3.30E+09,9.519,0.8278,1.39,1.6177,1.9834,8.006,0,0,0,0.008,9.658,9.76,Training set,Training set
310, 4-Chlorocatechol,benzene,(HO)2-C6H3-Cl,1,2138-22-9,7.00E+09,9.845,1,1.15,1.5498,1.9619,7.584,0,1.414213562,0,0.036,9.99,9.934,Training set,Training set
311,phloroglucinol,benzene,C6H3-(OH)3,1,108-73-6,1.00E+10,10,1,1.292,1.5199,1.9644,7.561,0,1.732050808,0,0.054,10.197,9.967,Training set,Validation set
312,"3,4-dihydroxybenzaldehyde",benzene,(OH)2-C6H3-CHO,1,139-85-5,8.30E+09,9.919,1,1.236,1.5643,1.9693,7.675,0,1.414213562,0,0.036,10.077,9.966,Training set,Training set
313,"2,4-dihydroxyacetophenone",benzene,(HO)2-C6H3-COCH3,1,89-84-9,3.00E+10,10.477,0.8126,1.496,1.6031,1.9728,7.851,0,1.414213562,0,0.036,10.14,9.979,Test set,Test set
314,"2,5-dihydroxyacetophenone",benzene,(HO)2-C6H3-COCH3,1,490-78-8,8.00E+09,9.903,0.8075,1.525,1.6031,1.9728,7.851,0,1.414213562,0,0.036,10.163,9.998,Training set,Validation set
315,"3,4-dihydroxyacetophenone",benzene,(HO)2-C6H3-COCH3,1,1197-09-7,1.00E+10,10,0.8227,1.527,1.6031,1.9726,7.851,0,1.414213562,0,0.036,10.176,10,Test set,Test set
316,"3,5-dinitroanisole",benzene,(NO2)2-C6H3-OCH3,1,5327-44-6,5.20E+09,9.716,0.8381,1.417,1.6325,1.9937,8.231,0,0,0,0.009,9.644,9.807,Test set,Test set
317,"1,2,3-trimethoxybenzene",benzene,C6H3-(OCH3)3,1,634-36-6,7.00E+09,9.845,0.6639,1.724,1.6031,1.9705,7.707,0,0,0,0.008,9.909,9.666,Test set,Test set
318,"1,2,4-trimethoxybenzene",benzene,C6H3-(OCH3)3,1,135-77-3,6.20E+09,9.792,0.6639,1.724,1.6031,1.9705,7.707,0,0,0,0.008,9.909,9.666,Training set,Training set
319,"1,3,5-trimethoxybenzene",benzene,C6H3-(OCH3)3,1,621-23-8,8.10E+09,9.908,0.6681,1.778,1.6031,1.9703,7.687,0,0,0,0.01,9.972,9.746,Test set,Test set
320,"2,3-dimethoxyphenol",benzene,HO-C6H3-CH3O,1,5150-42-5,2.00E+10,10.301,0.6724,1.671,1.5783,1.969,7.688,0,1,0,0.02,10.112,10.29,Training set,Training set
321,"2,4-dimethoxyphenol",benzene,HO-C6H3-CH3O,1,13330-65-9,2.60E+10,10.415,0.7032,1.675,1.5783,1.9685,7.668,0,1,0,0.02,10.148,10.316,Training set,Training set
322,"3,5-dimethoxyphenol",benzene,HO-C6H3-CH3O,1,500-99-2,2.00E+10,10.301,0.7122,1.701,1.5783,1.9685,7.646,0,1,0,0.021,10.191,10.32,Training set,Training set
323,toluene,benzene,C6H5-CH3,1,108-88-3,5.10E+09,9.708,0.6899,1.446,1.4822,1.9598,7.022,0,0,0,0.006,9.827,9.547,Training set,Training set
324,aniline,benzene,C6H5-NH2,1,62-53-3,1.70E+10,10.23,1,1.203,1.4584,1.9575,7.022,0,0,0,0.01,9.813,9.792,Training set,Validation set
325,o-xylene,benzene,H3C-C6H4-CH3,1,95-47-6,6.70E+09,9.826,0.5716,1.553,1.5485,1.9682,7.356,0,0,0,0.006,9.779,9.729,Training set,Training set
326,m-xylene,benzene,H3C-C6H4-CH3,1,108-38-3,7.50E+09,9.875,0.6064,1.581,1.5485,1.9677,7.327,0,0,0,0.006,9.846,9.936,Training set,Training set
327,p-xylene,benzene,H3C-C6H4-CH3,1,106-42-3,7.00E+09,9.845,0.6223,1.521,1.5485,1.9675,7.327,0,0,0,0.006,9.802,10.183,Test set,Test set
328,"1,2,3-trimethyl benzene",benzene,"_CH3, -CH3 -CH3",1,526-73-8,7.00E+09,9.845,0.5314,1.623,1.6016,1.9756,7.606,0,0,0,0.007,9.783,9.698,Training set,Validation set
329,"1,2,4-trimethyl benzene",benzene,"_CH3, -CH3 -CH3",1,95-63-6,6.20E+09,9.792,0.5641,1.63,1.6016,1.9748,7.584,0,0,0,0.006,9.823,9.749,Training set,Validation set
330,"1,3,5-trimethyl benzene (mesithlene)",benzene,"_CH3, -CH3 -CH3",1,108-67-8,6.40E+09,9.806,0.5754,1.686,1.6016,1.9746,7.561,0,0,0,0.007,9.896,9.852,Training set,Training set
331,hexafluorobenzene,benzene,"F, F, F, F, F",1,392-56-3,1.40E+09,9.146,1,0.908,1.5742,1.9675,8.129,0,0,0,0.016,9.152,9.37,Training set,Training set
332,hexamethylbenzene,benzene," -CH3, -CH3, -CH3, -CH3, -CH3",1,87-85-4,7.20E+09,9.857,0.5209,1.735,1.7158,1.9932,8.129,0,0,0,0.01,9.833,9.836,Training set,Validation set
333,pentafluorobenzene,benzene,"F, F, F, F, F, F",1,363-72-4,7.00E+09,9.845,1,0.943,1.5515,1.9649,7.973,0,0,0,0.014,9.226,9.414,Training set,Training set
334,pentamethylbenzene,benzene, -CH3 (6),1,700-12-9,7.50E+09,9.875,0.5279,1.71,1.6832,1.9877,7.973,0,0,0,0.009,9.829,9.812,Training set,Training set
335,"1,2,3,4-tetramethyl benzene",benzene," -CH3, -CH3, -CH3, -CH3",1,488-23-3,7.20E+09,9.857,0.5244,1.668,1.6456,1.9819,7.806,0,0,0,0.008,9.8,9.756,Test set,Test set
336,"1,2,3,4-tetrafluoro benzene",benzene,"F, F, F, F",1,551-62-2,8.00E+09,9.903,1,0.98,1.5264,1.9624,7.806,0,0,0,0.012,9.304,9.457,Training set,Training set
337,"1,2,3,5-tetramethyl benzene",benzene," -CH3, -CH3, -CH3, -CH3",1,527-53-7,7.10E+09,9.851,0.5422,1.691,1.6456,1.9814,7.788,0,0,0,0.008,9.842,9.796,Training set,Training set
338,"1,2,4,5-tetramethyl benzene",benzene," -CH3, -CH3, -CH3, -CH3",1,95-93-2,7.00E+09,9.845,0.5494,1.675,1.6456,1.9814,7.788,0,0,0,0.008,9.833,9.788,Training set,Training set
339,"1,2,4,5-tetramethoxy benzene",benzene, -OCH3 (4),1,2441-46-5,7.00E+09,9.845,0.6554,1.774,1.6474,1.9759,7.921,0,0,0,0.009,9.918,9.735,Test set,Test set
340,"2,4,5-trichlorophenol",benzene," -Cl, -Cl, -Cl, -OH",1,95-95-4,1.20E+10,10.079,1,0.948,1.6251,1.9606,7.788,0,1,0,0.024,9.667,9.87,Training set,Training set
341,"2,4-dichlorophenoxyacetic acid",benzene," -Cl, -Cl, -O-COOH",1,94-75-7,6.60E+09,9.82,0.8485,1.261,1.642,1.9627,7.871,0,0,0,0.007,9.55,9.613,Training set,Training set
342,phenoxyacetic acid,benzene, -O-COOH,1,122-59-8,1.00E+10,10,0.8381,1.406,1.543,1.9596,7.482,0,0,0,0.007,9.744,9.681,Training set,Training set
343,"2,4-dichlorophenol",benzene," -Cl, -Cl, -OH",1,120-83-2,7.10E+09,9.851,1,1.026,1.577,1.9591,7.584,0,1,0,0.021,9.78,9.901,Training set,Training set
344,"1,2,4-trihydroxybenzene",benzene," OH, OH, OH",1,533-73-3,8.60E+09,9.934,1,1.275,1.5199,1.9647,7.584,0,1.732050808,0,0.054,10.171,9.941,Test set,Test set
345,tert-butyl hydroquinone,benzene," OH, OH, -C(CH3)3",1,1948-33-0,6.30E+09,9.799,0.1108,1.941,1.684,1.9794,8.075,0,1.414213562,0,0.058,9.997,10.264,Training set,Validation set
346,"2,5-dichlorohydroquinone",benzene,"1,2,4,5-Cl, OH, OH, Cl",1,824-69-1,2.10E+10,10.322,1,1.089,1.6028,1.9634,7.788,0,1.414213562,0,0.037,9.899,9.896,Training set,Training set
347,tetrafluorohydroquinone,benzene," -F, -F, -F, -F, -OH, -OH",1,771-63-1,3.10E+09,9.491,1,1.096,1.5849,1.9705,8.129,0,1.414213562,0,0.038,9.742,9.787,Training set,Training set
348,"1,3,5-trifluorobenzene",benzene," -F, -F, -F",1,372-38-3,4.10E+09,9.613,1,1.014,1.499,1.9596,7.561,0,0,0,0.011,9.416,9.53,Test set,Test set
349,"1,2,3-trifluorobenzene",benzene," -F, -F, -F",1,1489-53-8,3.70E+09,9.568,1,1.017,1.499,1.9596,7.606,0,0,0,0.011,9.395,9.51,Training set,Training set
350,"1,2,4-trifluorobenzene",benzene," -F, -F, -F",1,367-23-7,3.90E+09,9.591,1,1.018,1.499,1.9596,7.584,0,0,0,0.011,9.408,9.521,Training set,Training set
351,pentafluoroacetophenone (PFA),benzene," -F, -F, -F -F, -F, -COCH3",1,652-29-9,1.50E+09,9.176,0.7828,1.323,1.648,1.9769,8.292,0,0,0,0.008,9.414,9.575,Test set,Test set
352,pentafluorobenzaldehyde,benzene," -F, -F, -F -F, -F, -CHO",1,653-37-2,2.00E+09,9.301,1,0.992,1.6159,1.9738,8.182,0,0,0,0.014,9.285,9.498,Test set,Test set
353,pentafluorobenzoic acid,benzene," -F, -F, -F -F, -F, -COOH",1,602-94-8,1.10E+09,9.041,1,1.029,1.6328,1.9753,8.292,0,0,0,0.014,9.291,9.466,Training set,Training set
354,pentafluoroaniline,benzene," -F, -F, -F -F, -F, -NH2",1,771-60-8,9.60E+09,9.982,1,1.034,1.589,1.9708,8.129,0,0,0,0.013,9.304,9.451,Training set,Training set
355,pentafluorophenol,benzene," -F, -F, -F -F, -F, -OH",1,771-61-9,9.50E+09,9.978,1,1.013,1.5796,1.969,8.129,0,1,0,0.023,9.537,9.745,Training set,Training set
356,2-methyl pyridine,pyridine, -CH3,1,109-06-8,2.50E+09,9.398,0.6681,1.453,1.4457,1.9532,7.022,0,0,0,0.005,9.738,9.605,Training set,Training set
357,3-methyl pyridine,pyridine, -CH3,1,108-99-6,2.40E+09,9.38,0.6554,1.441,1.4584,1.954,7.022,0,0,0,0.005,9.736,9.575,Training set,Training set
358,2-Aminopyridine,pyridine, -NH2,1,504-29-0,8.40E+09,9.924,1,1.212,1.4227,1.9509,7.022,0,0,0,0.01,9.745,9.777,Training set,Training set
359,4-Aminopyridine,pyridine, -NH2,1,504-24-5,5.00E+09,9.699,1,1.216,1.4325,1.9514,7.022,0,0,0,0.01,9.763,9.783,Test set,Test set
360,2-bromopyridine,pyridine, -Br,1,109-04-6,2.40E+09,9.38,1,1.014,1.4721,1.945,7.022,0,0,0,0.011,9.59,9.428,Test set,Test set
361,3-bromopyridine,pyridine, -Br,1,626-55-1,1.10E+09,9.041,1,1.033,1.488,1.9453,7.022,0,0,0,0.011,9.629,9.469,Test set,Test set
362,2-chloropyridine,pyridine, -Cl,1,109-09-1,1.80E+09,9.255,1,1.034,1.4457,1.9455,7.022,0,0,0,0.011,9.58,9.467,Training set,Training set
363,4-chloropyridine,pyridine, -Cl,1,626-61-9,3.10E+09,9.491,1,1.037,1.4584,1.9458,7.022,0,0,0,0.011,9.599,9.477,Training set,Training set
364,3-cyanopyridine,pyridine, -CN,1,100-54-9,7.50E+08,8.875,1,1.125,1.4856,1.955,7.414,0,0,0,0.01,9.557,9.606,Training set,Training set
365,2-pyridone,pyridine, -OH,1,142-08-5,6.50E+09,9.813,1,1.125,1.4078,1.9362,7.053,0,0,0,0.011,9.557,9.588,Training set,Training set
366,3-pyridinol,pyridine, -OH,1,109-00-2,5.40E+09,9.732,1,1.205,1.4153,1.9491,7.022,0,1,0,0.021,9.993,10.071,Training set,Validation set
367,4-pyridinol,pyridine, -OH,1,626-64-2,1.10E+10,10.041,1,1.212,1.4153,1.9494,7.022,0,1,0,0.021,10.001,10.077,Training set,Training set
368,"4,4'-bipyridine",pyridine, -pyr,1,553-26-4,5.30E+09,9.724,1,1.323,1.661,1.9814,7.775,0,0,0,0.01,9.898,9.884,Training set,Validation set
369,"2,2'-bipyridine",pyridine, -pyr,1,366-18-7,6.20E+09,9.792,1,1.294,1.6489,1.9789,7.775,0,0,0,0.01,9.844,9.853,Training set,Validation set
370,4-pyridinecarboxamide,pyridine, -CONH2,1,1453-82-3,1.60E+09,9.204,1,1.221,1.5159,1.9591,7.453,0,0,0,0.009,9.683,9.708,Training set,Training set
371,3-pyridinecarboxyamide,pyridine, -CONH2,1,98-92-0,1.40E+09,9.146,1,1.203,1.5159,1.9588,7.453,0,0,0,0.009,9.665,9.696,Training set,Training set
372,"2,6-dimethyl pyridine",pyridine,"1,3_CH3, -CH3",1,108-48-5,3.00E+09,9.477,0.5868,1.605,1.51,1.9614,7.327,0,0,0,0.005,9.774,9.701,Training set,Training set
373,"3,5-dimethyl pyridine",pyridine,"1,5 _CH3, -CH3",1,591-22-0,8.00E+09,9.903,0.5754,1.576,1.53,1.9624,7.327,0,0,0,0.005,9.767,9.699,Training set,Training set
374,"2,4,6-trimethyl pyridine",pyridine,"1,3,5 _CH3, -CH3, -CH3",1,108-75-8,2.50E+09,9.398,0.5567,1.701,1.5704,1.969,7.561,0,0,0,0.006,9.829,9.789,Training set,Training set
375,2-methylfuran,furan, (C4H3O)-CH3,1,534-22-5,1.90E+10,10.279,0.5679,1.372,1.37,1.9601,6.919,0,0,0,0.008,9.578,9.895,Training set,Training set
376,furfuryl alcohol,furan, (C4H3O)-CH2-OH,1,98-00-0,1.50E+10,10.176,0.4336,1.613,1.3975,1.9621,7.001,0,0,0,0.008,9.694,10.081,Training set,Training set
377,furaldehyde,furan,(C4H3O)-CHO,1,1998/1/1,7.80E+09,9.892,1,1.088,1.3975,1.9619,7.089,0,0,0,0.012,9.619,9.651,Training set,Training set
378,5-methylfurfural,furan,O-CH-(C4H2O)-CH3,1,620-02-0,7.20E+09,9.857,0.6987,1.413,1.4653,1.9705,7.376,0,0,0,0.007,9.652,9.633,Test set,Test set
379,5-hydroxymethylfurfuryl,furan,O-CH-(C4H2O) -O-CH3,1,1883-75-6,5.80E+09,9.763,0.5754,1.656,1.4849,1.9723,7.429,0,0,0,0.007,9.784,9.717,Training set,Training set
380,5-nitro-2-furaldehyde,furan, O-CH-(C4H2O)-NO2,1,698-63-5,5.50E+09,9.74,1,1.024,1.4963,1.9847,7.813,0,0,0,0.017,9.416,9.608,Training set,Training set
381,tetramethyl thiourea,urea,(CH302N-CS-N(CH3)2,1,2782-91-4,8.00E+09,9.903,0.3513,1.557,1.4822,1.9024,7.098,0,0,1,0.032,9.746,9.959,Training set,Training set
382,"1,3-dimethyl thiourea",urea,CH3-NH-CS-NH-CH3,1,534-13-4,1.20E+09,9.079,0.4581,1.277,1.2681,1.8727,6.457,0,0,1,0.033,9.498,9.661,Training set,Training set
383,"1,3-dimethylurea",urea,CH3-NH-CO-NH-CH3,1,96-31-1,2.60E+09,9.415,0.4488,1.323,1.1975,1.8788,6.457,0,0,0,0.011,9.061,9.349,Training set,Validation set
384,methylurea,urea,CH3-NH-CO-NH2,1,598-50-5,2.00E+09,9.301,0.4805,1.227,1.0775,1.8644,6.312,0,0,0,0.018,8.855,9.515,Training set,Training set
385,tetramethyl urea,urea,(CH3)2-N-CO-N-(CH3)2,1,632-22-4,5.20E+09,9.716,0.3414,1.602,1.4502,1.9071,7.098,0,0,0,0.009,9.347,9.605,Training set,Training set
386,xanthine,imidazole,C1=NC=C(N1)C(=O)NC(=O)N,1,69-89-6,5.20E+09,9.716,1,1.389,1.5893,2.0095,8.041,0,1.414213562,0,0.039,10.261,9.992,Training set,Training set
387,theophilline,imidazole,CNC=C(C(=O)N(C=O)C)NC=N,1,58-55-9,6.30E+09,9.799,0.6943,1.667,1.6742,1.9905,8.168,0,0,0,0.008,9.827,9.736,Training set,Training set
388,isoguanine,imidazole,C=NC=NC(=O)NC(=CN)N,1,3373-53-3,1.20E+10,10.079,1,1.399,1.5969,2.0102,8.041,0,1,0,0.022,10.17,10.009,Training set,Validation set
389,guanine,imidazole,C=NC=C(N)C(=O)N=C(N)N,1,73-40-5,9.20E+09,9.964,1,1.303,1.5956,1.9875,7.968,0,0,0,0.01,9.73,9.726,Training set,Training set
390,imidazole,imidazole,C3H4N2,1,288-32-4,3.90E+09,9.591,1,1.096,1.2586,1.9504,6.416,0,0,0,0.015,9.75,9.806,Training set,Training set
391,1-methyl imidazole,imidazole,CH3_(C3H3N2),1,616-47-7,8.10E+09,9.908,0.5279,1.377,1.3885,1.9627,6.919,0,0,0,0.009,9.585,10.137,Training set,Training set
392,theobromine,imidazole,CNC=NC=C1C(=O)NC(=O)NC,1,83-67-0,5.80E+09,9.763,0.6987,1.622,1.6742,1.9947,8.191,0,0,0,0.008,9.798,9.926,Training set,Validation set
393,caffeine,imidazole,CNC=NC=CC(=O)N(C(=O)NC)C,1,1958/8/2,6.90E+09,9.839,0.6554,1.718,1.7082,1.9967,8.286,0,0,0,0.009,9.854,9.796,Training set,Training set
394,5-nitrofuroic acid,imidazole,(OH-CO-)_C4H2O_(-NO2),1,645-12-5,5.30E+09,9.724,1,1.174,1.5225,1.9781,7.87,0,0,0,0.011,9.526,9.584,Training set,Training set
395,nifuroxime,imidazole,(HO-N=CH-)_C4H2O_(-NO2),1,6236/5/1,1.00E+10,10,1,1.219,1.5346,1.9753,7.75,0,0,0,0.01,9.631,9.671,Training set,Training set
396,2-acetyl furan,imidazole,(CH3-C=O-)_C4H3O,1,1192-62-7,4.50E+09,9.653,0.6943,1.405,1.4653,1.9662,7.387,0,0,0,0.006,9.614,9.716,Training set,Training set
397,2-furancarboxamide,imidazole,(NH2-C=O-)_C4H3O,1,609-38-1,5.50E+09,9.74,1,1.161,1.4464,1.9649,7.387,0,0,0,0.01,9.607,9.663,Training set,Training set
398,2-phenylfuran,imidazole, (C6H5-)_C4H3O,1,17113-33-6,1.60E+10,10.204,1,1.266,1.6362,1.9877,7.728,0,0,0,0.011,9.87,9.902,Test set,Test set
399,5-bromofurfural,imidazole,(CH=O-)_C4H2O_(-Br),1,1899-24-7,3.90E+09,9.591,1,0.957,1.4876,1.9629,7.376,0,0,0,0.013,9.462,9.57,Training set,Training set
400,5-nitrofuroic acid,imidazole,"(HO-,O=C-)_C4H2O_(-NO2)",1,645-12-5,5.30E+09,9.724,1,1.087,1.5225,1.986,7.968,0,0,0,0.015,9.433,9.57,Test set,Test set
401,furoin,imidazole,C4H3O_(-C=O-)-(CHOH)_C4H3O,1,552-86-3,1.30E+10,10.114,0.1989,1.931,1.6673,1.9822,8.047,0,0,0,0.015,9.682,9.639,Training set,Training set
402,"2,4,6-trimethoxy-1,3,5-triazine",triazine,C3N3_(-OCH3)3,1,877-89-4,2.06E+08,8.314,0.6428,1.811,1.5359,1.9517,7.687,0,0,0,0.015,9.808,9.508,Training set,Training set
403,simazine,triazine,"C3N3_(-Cl,-NH-CH2-CH3,-NH-CH2-CH3)",1,122-34-9,2.10E+09,9.322,0.6943,1.626,1.5805,1.9542,7.694,0,0,0,0.009,9.741,9.812,Training set,Training set
404,atrazine,triazine,"C3N3_(-Cl,-NH-CH2-CH3,-NH-CH-(CH3)2)",1,1912-24-9,2.00E+09,9.301,0.5531,1.739,1.6214,1.956,7.798,0,0,0,0.009,9.735,9.605,Training set,Training set
405,propazine,triazine,"C3N3_(-Cl,-NH-CH-(CH3)2,-NH-CH-(CH3)2)",1,139-40-2,1.20E+09,9.079,0.5003,1.788,1.6703,1.9593,7.892,0,0,0,0.01,9.765,9.685,Training set,Training set
406,simetone,triazine,"C3N3_(-OCH3,-NH-CH2-CH3,-NH-CH2-CH3)",1,673-04-1,4.70E+09,9.672,0.6899,1.836,1.5887,1.9586,7.732,0,0,0,0.016,9.945,9.526,Training set,Training set
407,terbutazine,triazine,"C3N3_(-Cl,-NH-CH2-CH3,-NH-C-(CH3)3)",1,5915-41-3,2.80E+09,9.447,0.2931,1.902,1.6751,1.9591,8.089,0,0,0,0.012,9.604,9.499,Training set,Training set
408,simetryne,triazine,"C3N3_(-SCH3,-NH-CH2-CH3,-NH-CH2-CH3)",1,1014-70-6,2.60E+10,10.415,0.7213,1.803,1.6081,1.9565,7.732,0,0,1,0.037,10.371,10.455,Test set,Test set
409,ametryne,triazine,"C3N3_(-SCH3,-NH-CH2-CH3,-NH-CH-(CH3)2)",1,834-12-8,2.60E+10,10.415,0.5494,1.953,1.6453,1.9583,7.833,0,0,1,0.038,10.372,10.5,Test set,Test set
410,cycloserine,triazine,"C3H4NO-(-NH2,=O)",1,68-41-7,9.00E+09,9.954,0.1682,1.576,1.3777,1.9248,6.988,0,0,0,0.006,9.24,9.409,Training set,Training set
411,linuron,triazine,"(-Cl,-Cl)_C6H3_(-NH-C(=O)-N(CH3)-O-(CH3))",1,330-55-2,6.50E+09,9.813,0.7539,1.494,1.6885,1.966,8.014,0,0,0,0.007,9.689,9.876,Training set,Training set
412,diuron,triazine,"(-Cl,-Cl)_C6H3_(-NH-C(=O)-N(CH3)2)",1,330-54-1,7.50E+09,9.875,0.7259,1.426,1.6932,1.966,7.987,0,0,0,0.007,9.622,9.89,Training set,Training set
413,isoproturon,triazine,(-CH(CH3)2)_C6H4_(-NH-C(=O)-N(CH3)2),1,34123-59-6,5.70E+09,9.756,0.6264,1.855,1.7094,1.9761,7.962,0,0,0,0.012,10.025,9.861,Test set,Test set
414,chlorotoluron,triazine,"(-CH3,-Cl)_C6H3_(-NH-C(=O)-N(CH3)2)",1,15545-48-9,7.50E+09,9.875,0.773,1.587,1.6932,1.9715,7.987,0,0,0,0.008,9.839,10.073,Test set,Test set
415,acetaminophen,triazine,(-OH)_C6H4_(-NH-C(=O)(CH3)),1,103-90-2,9.80E+09,9.991,0.8176,1.536,1.5758,1.9662,7.662,0,1,0,0.019,10.101,10.026,Training set,Training set
416,diazepam,triazine,CNC(=O)CN=C(C=CC=CC(=C)Cl)C=CC=CC=C,1,439-14-5,7.20E+09,9.857,0.1958,2.027,1.8355,1.9977,8.53,0,0,0,0.021,9.799,9.772,Training set,Training set
417,diclofenac,triazine,C=CC=C(C(=C)CC(=O)O)NC=C(C=CC=CCl)Cl,1,15307-86-5,7.50E+09,9.875,0.9078,1.55,1.8188,1.9997,8.481,0,0,0,0.011,9.95,9.981,Training set,Training set
418,Ibuprofen,triazine,(-CH(CH3)-C=O(OH))_C6H4_(-CH2-CH(CH3)2),1,15687-27-1,7.40E+09,9.869,0.3879,1.874,1.7202,1.9796,7.96,0,0,0,0.011,9.879,9.867,Training set,Validation set
419,"2,4-D(2,4-dichlorophenoxy)-acetic acid",triazine,"(-Cl,-Cl)_C6H3_(-O-CH2-C(=O)(CH3))",1,94-75-7,6.60E+09,9.82,0.8433,1.283,1.642,1.9627,7.871,0,0,0,0.007,9.566,9.618,Training set,Validation set
420,4-tert-Butylphenol,benzene,(-OH)_C6H4_(-C(CH3)3),2,98-54-4,1.90E+10,10.279,0.1051,1.9,1.6655,1.9759,7.926,0,1,0,0.036,9.879,10.298,Training set,Training set
421,"2,6-Dimethylphenol",benzene,"C6H3(-OH,-CH3,-CH3)",2,576-26-1,2.60E+10,10.415,0.6264,1.597,1.577,1.9721,7.606,0,1,0,0.019,10.061,10.417,Test set,Test set
422,"2,3-Dimethylphenol",benzene,"C6H3(-OH,-CH3,-CH3)",2,526-75-0,2.00E+10,10.301,0.6103,1.576,1.577,1.9723,7.606,0,1,0,0.019,10.03,10.419,Training set,Training set
423,"3,5-Dimethylphenol",benzene,"C6H3(-OH,-CH3,-CH3)",2,108-68-9,2.00E+10,10.301,0.6428,1.636,1.577,1.9715,7.561,0,1,0,0.019,10.132,10.426,Training set,Validation set
424,Methane,alkane,CH4 ,2,74-82-8?,1.20E+08,8.079,0,0,0,1.7242,0,0,0,0,0.108,8.593,8.053,Training set,Training set
425,Methylcyclopentane,cyclo,CH3-(C5H9),2,96-37-7,7.00E+09,9.845,0.051,1.611,1.4419,1.9419,6.286,0,0,0,0.018,9.703,9.71,Training set,Training set
426,Methylcyclohexane,cyclo,CH3-(C6H11),2,108-87-2,7.10E+09,9.851,0.0022,1.821,1.4822,1.9409,6.36,0,0,0,0.017,9.865,9.815,Training set,Training set
427,2-Methyl-2-propanol,alcohol,CH3-C(OH)(CH3)-CH3,2,75-65-0?,6.00E+08,8.778,0.0011,1.676,1.3081,1.8966,6.932,0,0,0,0.011,9.001,8.894,Training set,Training set
428,1-Pentanol,alcohol,CH3-(CH2)4-OH ,2,71-41-0?,3.90E+09,9.591,0.2376,1.404,1.2276,1.8958,5.226,0,0,0,0.01,9.724,9.8,Training set,Training set
429,3-Pentanol,alcohol,CH3-CH2-CH(OH)-(CH2)-CH3,2,584-02-1?,2.10E+09,9.322,0.1428,1.516,1.2704,1.9008,6.006,0,0,0,0.005,9.423,9.567,Training set,Training set
430,1-Octanol,alcohol,CH3-(CH2)7-OH,2,111-87-5?,7.70E+09,9.886,0.4805,1.468,1.4199,1.9147,5.826,0,0,0,0.012,9.997,10.089,Training set,Training set
431,Azobenzene,benzene,C6H5-(N=N)-C6H5,3,103-33-3,2.00E+10,10.301,1,1.352,1.6861,1.9728,7.868,0,0,0,0.011,9.864,9.83,Training set,Validation set
432,Benzene,benzene,C6H6,3,71-43-2,7.80E+09,9.892,1,1.138,1.395,1.9509,6.581,0,0,0,0.012,9.871,9.804,Training set,Validation set
433,Benzene-sulfonamide,benzene,C6H5_(SO2NH2),3,1998/10/2,2.80E+09,9.447,0.3438,1.562,1.5729,1.9927,8.114,0,0,1,0.056,9.777,9.417,Test set,Test set
434,Benzidine,benzene,(-NH2)_C6H4-C6H4_(-NH2),3,92-87-5,1.50E+10,10.176,1,1.324,1.7277,1.9902,8.065,0,0,0,0.011,9.873,9.886,Training set,Training set
435,Benzyl methyl ether,benzene,C6H5_(CH2OCH3),3,538-86-3,1.00E+10,10,0.6724,1.528,1.5017,1.9593,7.138,0,0,0,0.005,9.85,9.926,Training set,Training set
436,Biphenyl,benzene,C6H5_C6H5,3,92-52-4,1.00E+10,10,1,1.301,1.6832,1.986,7.775,0,0,0,0.011,9.927,9.93,Training set,Training set
437,1-Bromo-2-chlorobenzene,benzene,"C6H4_(-Cl,-Br)",3,694-80-4,2.00E+09,9.301,1,0.933,1.57,1.9537,7.356,0,0,0,0.013,9.503,9.514,Training set,Training set
438,2-Bromotoluene,benzene,C7H7_(-Br),3,95-46-5,1.70E+09,9.23,0.7032,1.358,1.57,1.9611,7.356,0,0,0,0.006,9.695,9.627,Training set,Training set
439,3-Bromotoluene,benzene,C7H7_(-Br),3,591-17-3,4.90E+09,9.69,0.7077,1.337,1.57,1.9609,7.327,0,0,0,0.006,9.693,9.557,Training set,Training set
440,4-Bromotoluene,benzene,C7H7_(-Br),3,106-38-7,2.90E+09,9.462,0.7077,1.347,1.57,1.9609,7.327,0,0,0,0.006,9.702,9.586,Training set,Training set
441,3-Chloroanisole (1-chloro-3-methoxy-benzen),benzene,"C6H4_(-Cl,OCH3)",3,2845-89-8,9.30E+09,9.968,0.7397,1.413,1.5492,1.9596,7.382,0,0,0,0.005,9.73,9.687,Training set,Training set
442,2-Chlorobenzyl chloride (2-Dichlorotoluene),benzene,"C6H4_(-Cl,CH2Cl)",3,611-19-8,4.10E+09,9.613,0.7122,1.298,1.5764,1.9621,7.41,0,0,0,0.006,9.631,9.488,Training set,Training set
443,2-Chlorotoluene,benzene,C7H7_(-Cl),3,95-49-8,6.50E+09,9.813,0.7032,1.369,1.5485,1.9616,7.356,0,0,0,0.005,9.682,9.649,Training set,Training set
444,3-Chlorotoluene,benzene,C7H7_(-Cl),3,108-41-8,3.50E+09,9.544,0.7032,1.351,1.5485,1.9614,7.327,0,0,0,0.006,9.679,9.592,Test set,Test set
445,4-Chlorotoluene,benzene,C7H7_(-Cl),3,106-43-4,5.50E+09,9.74,0.7077,1.362,1.5485,1.9614,7.327,0,0,0,0.005,9.693,9.62,Training set,Validation set
446,"1,2-Dibromobenzene",benzene,"C6H4_(-Br,Br)",3,583-53-9,2.30E+09,9.362,1,0.918,1.59,1.9532,7.356,0,0,0,0.014,9.511,9.498,Training set,Training set
447,"1,3-Dibromobenzene",benzene,"C6H4_(-Br,Br)",3,108-36-1,1.90E+09,9.279,1,0.91,1.59,1.9532,7.327,0,0,0,0.015,9.518,9.478,Training set,Training set
448,"3,4-Dichlorotoluene",benzene,"C7H6_(-Cl,-Cl)",3,95-75-0,1.70E+09,9.23,0.7167,1.274,1.6016,1.9629,7.584,0,0,0,0.007,9.556,9.498,Training set,Training set
449,"2,6-Dimethoxyphenol",benzene,"C6H3_(-OCH3,-OCH3,OH)",3,1991/10/1,2.60E+10,10.415,0.6596,1.7,1.5783,1.969,7.688,0,1,0,0.021,10.128,10.268,Training set,Validation set
450,"2,4-Dimethylpyridine",benzene,"C5H3_(-CH3,-CH3)",3,108-47-4,3.10E+09,9.491,0.5792,1.592,1.5202,1.9621,7.327,0,0,0,0.005,9.772,9.707,Training set,Validation set
451,"Hydroquinone (1,4-Benzenediol (hydroquinone))",benzene,"C6H4_(-OH, -OH)",3,123-31-9,2.10E+10,10.322,1,1.232,1.4839,1.9601,7.327,0,1.414213562,0,0.036,10.111,10.034,Test set,Test set
452,"2,3,4-Trichlorotoluene",benzene,"C7H5_(-Cl,-Cl,-Cl)",3,7359-72-0,2.50E+09,9.398,0.7259,1.209,1.6456,1.9644,7.806,0,0,0,0.009,9.448,9.477,Training set,Training set
453,Naphthalene,benzene,C10H8,3,91-20-3,9.40E+09,9.973,1,1.266,1.6456,2.0072,7.77,0,0,0,0.016,9.957,9.988,Training set,Training set
454,1-Naphthol,benzene,C10H7_(-OH),3,90-15-3,1.30E+10,10.114,1,1.296,1.6655,2.0095,7.943,0,1,0,0.024,10.204,10.071,Training set,Training set
455,2-Naphthol,benzene,C10H7_(-OH),3,135-19-3,1.30E+10,10.114,1,1.288,1.6655,2.009,7.926,0,1,0,0.024,10.203,10.072,Training set,Training set
456,"Benzotriazole (1,2,3-Benztriazole)",benzene,C=CC=NNN=CC=C,3,95-14-7,7.60E+09,9.881,1,1.272,1.5672,2.0085,7.723,0,0,0,0.017,9.899,9.928,Test set,Test set
457,Methylene blue (TETRAMETHYLTHIONINE CHLORIDE),benzene,CN(C)C1=CC2=C(C=C)N=C3C=CC(=(N+](C)C)C=C3S2.[Cl],3,61-73-4,1.20E+10,10.079,0.7877,1.693,1.8692,2.0342,8.731,0,0,1,0.049,10.506,10.144,Training set,Training set
